teks,link_rekomendasi,sentimen
"@akun kalau untuk skincare cocok cocokan sih kak, cocok di org belum tentu cocok di kamu mending fokus ke kandungan skincare nya aja. saran ku cari skincare yg ada kandungan niacinamide, salicylid acid (BHA)",,positif
"@akun coba fokus basic skincare nder, aku pke fw simple, moist benton aloe kadang g2g yg centella, toner nya npure ss cuma pke azarine, in this economy nyari skincare yg murah aja, untungnya cocok😭😭",,positif
@akun memang anak jaman skrg itu mukany lebih dewasa dr umur. tp kalo masalah skincare malah bagus ga sih anak skrg lebih aware sama kulit? mungkin mereka mukanya dewasa jg cuma di beberapa kota besar. masih bnyak kok anak anak yg beneran muka anak anak,,positif
"Masih berjuang sama kulit berminyak dan jerawat yang sering muncul? Aku lagi rutin pake skincare korea yang ampuh banget buat bantu merawat kulit berjerawat dan mengontrol sebum. Yes, ini dia COSRX Salicylic Acid Daily Gentle Cleanser 🫧 #COSRXIndonesia #KoreanSkincare https://t.co/4Lu16xJnCJ",,positif
"@akun skintint = make up tinted sunscreen = skincare sama sama minim coverage. bedanya skintint untuk kulit yang bersih, tinted sunscreen juga untuk kulit bersih tapi lebih diutamakan untuk kulit yang ada bekas jerawat hitam biar lebih cepat pudar",,netral
"WTS preloved skincare purito oat in calming gel cream moisturizer harga: 150k aja (beli 220k) jual rugi‼️ isi: 95% (baru pake kurleb 7x) alasan jual: ga cocok :( 📍malang (dom mlg bisa gosend) minat? boleh dm me on ig @/alikajsmn, atau reply, dm aku yaa https://t.co/qjDXqGphRR",,positif
"@akun Aku juga combi nder. Skrg pake basic skincare aja, sblmnya ngga ini tapi setelah breakout itu ganti pakai semua skincare ini👇🏻 cocok semua sampe skrg masih lanjut terus https://t.co/USFbWDKjiv",https://x.com/i/status/2058080608417681667,positif
"padahal harusnya sekarang udah ganteng kalau dari 4 tahun yang lalu dengerin cewe yang mau nerima kamu apa adanya. bukannya dimanfaatin buat nyariin skincare yang cocok malah diselingkuhin, goblok. https://t.co/4duX8ARkzr",,positif
"DOKTER UDAH KASIH TAHU, TAPI EMAK-EMAK TETEP NGEYEL 1. Jerawat Bandel: Kurangin gula & gorengan, bukan ganti skincare jutaan. 2. Badan Gampang Loyo: Makan pisang (powerbank alami), bukan ngopi terus. 3. Sering Pusing & Lemes: Banyakin makan bayam (zat besi), bukan nambah kopi. 4. Masuk Angin Melulu: Minum teh jahe hangat, jangan cuma andelin kerokan. 5. Pusing Tanpa Sebab: Makan semangka / minum air. Ibu cuma dehidrasi. 6. Daya Tahan Drop: Makan jeruk / buah riil, bukan suplemen mahal. 7. Pikiran Mumet/Stres: Makan dark chocolate, jangan malah nyari drama baru. 8. Insomnia/Susah Tidur: Makan buah kiwi, bukan scrolling HP sampai subuh. 9. Sembelit / Susah BAB: Makan buah plum / pepaya, bukan minum obat pencahar. 10. Sendi Linu & Pegal: Minum air kunyit hangat, bukan jadi alasan rebahan seharian.",,positif
aku tuh selalu percaya kalau skincare yang bagus dimulai dari cleanser yang cocok✨ makanya nggak heran kalau COSRX Salicylic Acid Daily Gentle Cleanser ini udah masuk tube keduaku 👀🤍 https://t.co/51YcsMp9qj,,positif
"@akun @akun Glowing banget, kak! Pasti kombinasi skincare bagus sama makeup bagus juga",,positif
"@akun @akun oya kahh? di aku kerasa lembutt, cocok"" an sih ya kalau skincare",,positif
"Tim cocok mahal vs tim cocok yang penting cocok? 😂 Pernah pakai skincare mahal… dan malah breakout 💀 Ternyata Harga ≠ cocok, ternyata kulit tiap orang beda, dari genetik, hormon, bahkan lingkungan. Yapp... Formulasi lebih penting daripada hype!! Setuju?",,positif
nih skincare emang bagus banget,,positif
skincare jepun yg bagus selain hadalabo apa yah??,,positif
Segitu dulu haul bulan ini 🤍 Bulan ini lumayan banyak “balik ke mantan” (skincare lama maksudnya 😭) Kalian ada gak sih produk lama yang sempet kalian tinggalin tapi akhirnya balik lagi karena emang se-cocok itu,,positif
"🍥 *AESTHETIC NURSE* *Pay: ₦200,000.00 - ₦250,000.00 per month* PORT HARCOURT Sholema Aesthetic and Laser Clinic is a premium skincare clinic that offers a sophisticated and broad range of aesthetic and laser skin procedures aimed at empowering people to look and feel their best. Our patient-focused and empathic team is focused on enhancing the natural beauty of our patients, empowering them to always put their best face forward. Responsibilities *Provide professional consultation with patients about skin, face, and body-related aesthetic concerns. *Provide medical advice and effective treatment/solutions related to our services and products. *Perform medical-grade aesthetic treatments. *Review the patient's progress and treatment plan. *Work as a team with other clinic staff to achieve company goals and targets. Requirements *Fully registered Nurse in Nigeria. *A nursing degree from a registered university. *Relevant experience/training in aesthetics treatment is advantageous *Strong interpersonal communication skills and a good team player *Well-groomed with a pleasant personality *Self-driven individual with a positive mindset *Passion for all things beauty and aesthetics-related *Willing to travel to different clinic branches and work on weekends and public holidays. Job Type: Full-time Pay: ₦200,000.00 - ₦250,000.00 per month Education: Undergraduate (Required) Experience: Nursing: 1 year (Required) License/Certification: BSCN certificate (Required) Location: Port Harcourt (Required) Willingness to travel: 50% (Required) Work Location: In person https://t.co/Tm9NelrXv3",https://ng.indeed.com/viewjob?jk=816bb74470c7d02d&from=appshareandroid,positif
just changed my username karena kayanya skincharediary uda ngga sbrp relevan aka udah jarang (even gapernah lg lol) review skincare/beauty stuff 🤧,,netral
"mandatory skincare kalo pergi2an sihhh, bedanya aku pake yg pinkeuu. tp kalo skin1004 smuanya bagus!!",,positif
Kombinasi layering skincare buat mencerahkan dan bekas jerawat versi aku: Vitamin C + Sunscreen dipagi hari = Bantu buat bekas jerawat memudar + maintenance brightening✨️✨️ https://t.co/nX0JRwXAWA,,positif
🚀 How To Sell Skincare Without Selling Skincare This page doesn’t sell a mask. It sells the outcome every customer wants: ✅ Brighter skin in 10 minutes ✅ Less visible texture ✅ Less foundation needed ✅ More confidence without makeup The smartest CRO move? They stack trust everywhere: ✔️ 1M+ masks sold ✔️ Award badges (Vogue + Hypebae) ✔️ Expert review ✔️ UGC videos ✔️ “Bare-Skin Confidence Guarantee” 📊 Products with strong social proof can increase conversions by up to 270%. 💡Pro Tip: Don’t sell ingredients or formulations. Sell the identity your customer wants to become. People don’t buy a detox mask. They buy the confidence to leave the house without makeup. 📈🔥,,netral
"@akun Setuju banget, skincare lokal makin bagus! Aku pribadi suka pakai sunscreen dari Eclipse, ringan dan gak bikin whitecast. https://t.co/VThAWj7lrg",https://s.shopee.co.id/8fQQkJalNJ,positif
@akun Cuma pernah pake emina biru. Di aku cocok bgtt. Pernah break out iritasi gara² salah pake skincare. Itu sunscreen malah yang bikin break out ku mendingan. Tidak menyangka.,,positif
@akun Dulu pernah randomly dapet mbak2 yg live tiktok. Username Alya cuma sekarang gatau udah unfoll soalnya. Awalnya jualan baju affiliate cuma ga laku. Trus bikin review produk skincare tapi sama aja ga rame. Akhirnya orangnya jual diri cuma sekali lagi ga laku. Sekarang gatau gimana,,positif
"Jujur aja nih, pesona kamu tuh nyegerin banget ibarat abis pake skincare andalan di malam hari, coba deh deketan dikit, biar getaran saltingnya makin kerasa.",,netral
PMD Beauty Wave Pro Review + 20% Off Discount Code ✨ | https://t.co/skeHwE0uXX #bblogger #beauty #skincare #skincaretools #pmd #discount #promo #moneysaving #coupon #wedding #weddingprep #vacation #teen #teenskin #acne #blackheads #june #payday #heatwave https://t.co/tsxFWSwuP5,https://www.astoldbykirsty.co.uk/2023/10/pmd-beauty-wave-pro-review-discount-code.html,netral
"KODE VOUCHER PROMO HALODOC JULI 2026✨ HLDXC1HHB 👩‍⚕️Konsul Dokter SpKK, Umum, Psikolog, Obgyn, DSA, dll HLDXO1DW5 💊Beli Obat, Vitamin, Skincare, Susu HLDXH9AM9 💉Homecare, cek lab, vaksin, injeksi vitamin HLDXSM52S 🧏🏻‍♀️Haloskin (Jerawat, Bekas Jerawat, Kulit Kusam, dll) HLDXFJG1G 🏃🏻‍♀️‍➡️Halofit (Wegovy, Meal Plan, Coaching, dll) #zonauang #zonajajan #ZonaBA",,positif
VOUCHER HALODOC TERBARU‼️ PERIODE 1 - 15 JULI 2026 Chat dokter umum dan spesialis 🎟HLDXCV40L Beli obat 🎟HLDXOAJ2S Homecare dokter/bidan ke rumah 🎟HLDXHDBAF Haloskin skincare jerawat 🎟HLDXSN7EK Halofit paket diet 🎟HLDXFDSAF #zonauang #zonajajan,,positif
siapa tau ada yg butuh honest review dari serum tint wardah iniiii! 🤩 https://t.co/myQlE1QXfQ,https://x.com/i/status/2072351761709543645,netral
"yes, ini serum tint dengan 87% skincare ingredients dan pastinya acne-prone friendly 🤩 ((here's my honestttt review)) #binafinds 🎀 https://t.co/XfA8jHyqHh https://t.co/jKlLnYd0ea",https://s.shopee.co.id/2BCwmPBNCA,netral
"2026 udh waktunya kita move on dr base makeup yg bikin muka kerasa ""pake topeng"". girls yg pengen makeup tiap hari tp masih pengen kulitnya ""bernapas"" n tetep sehat... i think i found THE ONE 🎀✨️ Wardah Colorfit Supercharge Serum Tint is literally the answer. 🩷 https://t.co/MiafAUHaUw",,netral
@akun tiap bulan co baju &amp; skincare dgn budget segitu jujur boros yaa,,netral
"Dokter Gia kalo jadi skincare pasti jadi moisturizer dengan kandungan formula paling bagus yg pernah ada, segala permasalahan kulit cukup pake itu aja langsung glow up🤣",,positif
"Jujur, daya tarikmu tuh nyegerin banget ibarat abis pake skincare andalan di malam hari, kalo kamu ngasih kode dikit aja, fix langsung aku gas ke situ.",,netral
U Beauty skincare review and discount code | https://t.co/xsZECEL5z8 #BloggersHutRT #fblchat #bbloggers #bblogrt #theclqrt @akun @akun #teamblogger,http://bit.ly/4nen25A,netral
TITIK PALING PASRAH DALAM HIDUP! gapapa jerawatan terus juga karna udah bingung ganti-ganti skincare 🥺 Dan setelah tanya-tanya aku mencoba moisturizer khusus untuk skinbarier dan akhirnya aku cocok 😭😭😭 Sekarang bener-bener jauh lebih baik🥺✨ https://t.co/JqNmUoWWUf,,positif
"GW RELA BANGET : Cuma ganti satu step skincare, tapi muka glowing, bebas jerawat dan beruntusan 😭 1. Double cleansing 2. Moisturizer 3. Spray serum 4. Sunscreen￼ https://t.co/RI4Z1cQaq1",,positif
@akun Aku waktu itu pake skingame dari awal muncul sampe yang udah kering gitu jadi ga berbekas. Kalo temenku yang emang udah terlanjur berbekas pake basic skincare aja yang cocok sama ganti fw ke npure abu + exfo sesekali,,positif
"hi! saranin aku skincare apapun untuk menghilangkan bekas jerawat dan beruntusan dong. per-produk oke, all in juga oke hehe. st aku sekarang lagi kombinasi, timakaci gurl 💗",,positif
"Selain gampang dibawa, travel kit ini juga cocok buat kalian yg mau coba skincare baru. Dan yg bisa kalian liat, dapet 5pcs sheet mask nya for FREE!!! Good deals banget!! https://t.co/DO014MM36G https://t.co/gsrabsnD1i",https://s.shopee.co.id/2BCwhBvpg3,positif
"@akun Honest review aku pernah pake dua duanya nder. Aku lebih suka esqa soalnya lebih nyatu sama ss wardah ku, pernah pake somethnc patchy bgt di segala sisi, mungkin karna ga cocok jg sm ss nya",,positif
"Pouch serut make up yang gak makan tempat kalau masuk dalam tas.. Cocok untuk simpan make up, skincare, atau yang lainnya karena simple, tinggal serut dan barang rapi dalam pouch..🙌🏻 🛒 https://t.co/BQeK8nfMMK #pouchserut #zonauang #bealanja https://t.co/LRG6q96ZlM",https://s.shopee.co.id/3ViKGFEYbF,positif
"@akun @akun Kak btw ini adekku msi sd, jd ak masih takut pakein skincare macem2..jd cmn ak suruh pake fw npure noni. Sempet ak suruh brenti fw nya, tp kyanya bukan karna fw nya krna udh lumayan lama pake. Klo ga cocok harusnya udh muncul dr lama",,positif
ada gak sih rekomendasi skincare dan body care yang ramah di kantong biar gak cuma fokus ke salah satu aja #SelfCareAlaTheNuruls https://t.co/cz6VF4McDS,https://shopee.co.id/-BUY-3-GET-5-Hanasui-Glow-Body-Care-Package-i.129681299.446093,positif
@akun Aku ganti2 sih ka tp merk ini debest aku klo ga tutup pink ya yg ini. Klo tutup pink kan tinted sunscreen. Tp bagus ka emng sebagus itu namanya jg skincare korea 😭di aku si cocok bgt https://t.co/gRpaYvccpS,https://s.shopee.co.id/7AbcbV6YEP,positif
"@akun jujur kalau udah ditanyain ginian aku sendiri juga bingung, soalnya skincare yg aku pake juga banyak......",,netral
"Setelah mencoba natasha sebulan, ternyata reaksi dikulit aku ga cocok, muka jdi iritasi, perih panas, trs kulit berasa kering, jerawat tmbah parah, alhasil skrng balik ke basic skincare lgi dan alhamdulillah muka aku udh mendingan bgt, tdinya merah2 skrng udh normal.",,negatif
"sok tobat dulu guys.. masker DIY tuh rentan bikin iritasi tau!!! sekarang udah banyak skincare lokal bagus dan yg pasti AMAN! kulit keringku aja bisa langsung glowing, kenyal, lembap dan terhidrasi dalam semalam gara2 pake moist trueve ceraboost 😭✨ https://t.co/WEGhSOUQuL",,positif
"@akun Klo aku muncul bruntusan gini, krn kotor, wajah kering, terlalu lembab, ga cocok skincare. Cara anuinnnya, ganti sarban, mukena, sajadah, iket rambut, pake skincare basic yg udh cocok dgn benar. Klo krna hormon dibiarin aja, ga ngaruh cara itu, asal jgn dikopek2 biar ga bekas.",,positif
"Definisi love at first sight sama skincare! 🍉✨ Jujur, awalnya coba karena penasaran sm packagingnya, tapi ternyata cocok dong! Bekas jerawat dan jerawat yang baru mau tumbuh beneran langsung ilang atau kempes pas aku pakein Moist Glowshopy ini. Bikin kulit cerah juga! https://t.co/lZfcEExXRe",,positif
"ngubah layout kamar, mandi, pake skincare, dingin, buku bacaan bagus https://t.co/fNweIpft2m",,positif
Review: By Terry Matcha Mist Elixer https://t.co/CDFoxkU7FX @akun #byterryofficial #skincare #skincareproducts #skincarelover #skincareaddict #skincareroutines #pamper #pamperyourself #pamperyourskin https://t.co/AF8S7ljVYT,https://www.welshcountry.co.uk/by-terry-matcha-mist-elixer/,positif
"Voucher Halodoc Jun 2026🔥 💖 HLDXC5K6D Konsul Dokter SpKK, Obygn, Gizi, DSA, Psikolog 💖 HLDXOA72M Beli Obat, Vitamin, Skincare 💖 HLDXSBX0X Haloskin: Obat Jerawat, Anti Aging 💖 HLDXHQUHD Homecare: Vaksin, Tes Lab, Booster 💖 HLDXFSHW7 Halofit: Diet #zonajajan #zonauang",,positif
@akun Raraaaa rekomendasi parfum sama skincare teratu doong,,positif
"@akun Tapi skincare gue cuma make fw, moist, ss. Itu doang jujur. Dan itu dah jalan 4 tahunan keknya",,netral
"4. Jerawat batu bermunculan di rahang dan gak mempan pakai skincare Jerawatnya tipikal yang mendem, besar, sakit, dan sering ngumpul di area rahang atau leher. Skincare luar gak bakal mempan karena akar masalahnya ada pada hormon dalam tubuh lo yang lagi perang.",,netral
@akun skincare buat jerawat naon yah mind,,netral
Udah berapa lama lo nggak ganti skincare yang cocok https://t.co/TMw9pgOrIr,https://s.shopee.co.id/110yxRVP18,positif
lowkey bersyukur muka gw cocok pake skincare hanasui &amp; makeup dr omg/wardah karena #inthiseconomy kita cari yg sehemat mungkin 💗,,positif
Wardah 💞 pict dari review shopee 🛒 https://t.co/h5uKc6k4kZ https://t.co/0usuG6nCx7,https://s.shopee.co.id/1gGfh5qL5T,netral
"— oh my glow calicylic acid https://t.co/LnwWuFuYJF karena di jidat aku lagi sering muncul jerawat + lagi PMS jd aku pakenya fw inii, calming kemerahan & bisa buat oil control… buat aku yg lagi sering berkegiatan outdoor ini cocokkk bgtt aku selalu picky kalo urusan skincare, wajib bgt yang gentle biar ga bikin iritasi kulit","https://s.shopee.co.id/AUs150fJQN, https://s.shopee.co.id/AUs150fJQN",positif
"Kakak-kakak, minta tolong infoin skincare product atau obat telan yang aman dan bagus untuk meratakan warna dan tekstur kulit wajah dong 😞🙏🏻 Jujur udah lelah dengan kulit gradakan ga ketolong ini, kalo bareface keliatan kek gamandi😞🙏🏻 pls no affiliate, terima kasih💗🙏🏻",,positif
"Jujur ya… 80% orang pakai skincare tuh salah, aku juga dulu 😭 Dari semua ini, kamu paling sering salah yang mana? 👀 Sunscreen 2 jari, bukan 'secukupnya' Moisturizer bukan cuma buat kulit kering Toner nggak wajib buat semua orang Urutan skincare bisa beda sesuai kondisi kulit",,netral
Yap! Mau tanya ada yg pernah pake skincare skintific ini gak? Gimana menurut kalian bagus aja gak buat kulit wajah https://t.co/695kOfFLvo,,positif
Aku ke jkt juga bawa bbrp skincare dan make up ku yg ga kepake karna kurang cocok di aku wkkwkw. Pantes koperku kok kayaknya rame betul😂🥲😭,,positif
"💜 COVER ME 3D FILTER BLUR 24H Soft-Filter Blur SPF50+ PA++++ Fresh matte oil control Dengan Bakuchiol, Niacinamide &amp; Ceramide Cocok untuk yang ingin makeup sekaligus perlindungan UV dan skincare benefit. Link : https://t.co/0I4EK9HiTb",https://s.shopee.co.id/5L9wlQpyTR,positif
@akun Bagus banget skincare nya,,positif
"@akun aku juga suka bikin beauty content yg review texture, ingredients &amp; real results, jd smg reviewku nanti bisa bantu orang lain yg lagi cari skincare buat dehydrated oily skin jg hihi 💙✨ yuk ikutan @akun @akun https://t.co/5XNTVFjXv2",,positif
"@akun sebagai orang yg punya dehydrated oily skin, aku selalu excited kalo ada skincare yg punya concern ke kondisi kulitku 🥹 mau bgt cobain Hyalu-TECA line &amp; share honest review dari first impression sampe hasil pemakaiannya (cont)",,netral
"Voucher Diskon Halodoc JUN 2026🫶🏻 Konsul Dokter Spkk,Psikolog,Gizi,dll 💖 HLDXC5K6D Tebus/beli obat,skincare,vitamin 💖 HLDXOA72M Haloskin : utk jerawat&amp;kulit kusam 💖 HLDXSBX0X Homecare : vaksin HPV,Influenza,MCU 💖 HLDXHQUHD Halofit: Diet 💖 HLDXFSHW7 #zonauang #zonajajan",,positif
"@akun Kak mau, jujur pengen punya skincare yang bagus",,positif
Rekomendasi Brand Skincare Lokal Underrated - a thread ✨ produk local Indonesia bagus wajib dicoba mulai dari cleanser facial wash toner serum moisturizer sunscreen dll https://t.co/OSf5fAs6cp,,positif
"✨️affakh mukaku yang sensitif dan ga secocok apa apa ini pake saleb apotek bisa membaiqqq???✨️ btw moistnya enak bgt dikulit ku + lembab💕🥹🫶 mau menantang diri sendiri rajin pake skincare ini dan semoga berjodoh, aku pen review bulan keberapa yh enaknya, tapi ntar deh kalo hasilnya cepet dalam 1 bulan aku mau foto before after✊️😝 Hidup skincare apotek🤝",,positif
"Related banget lagi.. Thanks remindernya kak Saat kerja shift dulu aku tidur berantakan, stres tinggi, overthinking, badan tegang terus. Sekarang baru sadar ternyata kulit juga ikut ""bercerita"" ya. 🥹 Tubuh itu jujur. Sebelum kita mengaku sedang tidak baik-baik saja, seringnya tubuh lebih dulu kasih sinyal. Jadi yang dibutuhkan bukan cuma skincare, tapi juga istirahat dan rasa aman. 😄",,netral
"Jangan pake tretinoin vitacid sembarangan.. Jangan gampang tergiur sama konten ""skincare apotek"". Karna gak semua orang bakal cocok sama tretinoin. Mending konsultasi dulu ke dokter kulit kalau mau pake tretinoin, bisa konsultasi di halodoc. Pake kode voucher ini : HLDXC29Z9",,positif
"Aku kasih tips farmasi buat kalian semua 1. Selalu simpan obat jerawat atau skincare aktif di tempat yang sejuk, kering (suhu ruang), dan hindari paparan matahari langsung. 2. Jangan biasakan meninggalkan skincare di dalam mobil yang panas. 3. Suhu tinggi bisa merusak efektivitas dan stabilitas zat aktif obat.",,netral
"Jadi poin pentingnya di sini adalah STABILITAS OBAT/SKINCARE, bukan karena CeraVe sengaja memasukkan bahan berbahaya ke formulanya. BPO adalah obat jerawat yang sangat efektif dan sudah dipakai puluhan tahun dengan aman, asalkan penyimpanannya benar.",,netral
"My current brightening obsession, Brightening line dari SKIN1004 yang gentle dan nyaman untuk daily use. https://t.co/eFRzuQKc68",,netral
7. Dia gak cuma fokus di skincare Ini yang menarik. Orang yang kulitnya bagus sering justru gak cuma ngurus luar. Dia juga mulai ngerti kalau kulit itu nyambung ke: -tidur -stres -makan -hormon -ritme hidup Jadi yang dibenerin bukan cuma mukanya. Tapi hidupnya juga.,,positif
5. Hidupnya punya ritme Menurutku ini salah satu yang paling besar. Karena kulit yang lagi oke sering bukan cuma soal cocok pake skincare apa. Tapi soal hidup yang teratur. Jam tidurnya lebih jelas. Makannya lebih bernutrisi Stresnya lebih ada rem.,,positif
"Tanda valid kalau orang lagi doing well in life: kulitnya bagus dan bersih. Kok bisa? Karena kulit sering nunjukin hidup seseorang lagi keurus atau enggak. Kalau ditarik mundur, biasanya nyambung ke hal-hal ini:",,positif
"bentar lagi masuk sekolah dan jerawat gue belum sembuh juga😓, uang gue habis buat beli skincare sama salep yg di saranin dokter tapi jerawat gue ga kunjung sembuh jugaa😟💔 apalagi tiap hari harus kuat mental karena omongan orang² yg bahas jerawat terus, capeeee",,positif
"Jujur aja nih, pesona kamu tuh nyegerin banget ibarat abis pake skincare andalan di malam hari, kalau butuh gandengan buat lari bareng di akhir pekan, tanganku kosong nih.",,netral
Asking for recommendations‼️ Rangkaian produk skincare yg bagus buat cowo utk tipe kulit berminyak dan ada masalah kulit kusam plus kadang jerawat bagusnya dari brand apa yaa?,,positif
"@akun Twitter : info-info lebih cepet kesebar, akunku ini emang alter sih, tapi di akun pribadiku aku lebih follow buat berita economic, politic, resep makan, review skincare 🤣 Thread : cari barang barang preloved 🫰🏻 luvv banget aku dapet banyak barang murah dan masih bagus.",,positif
"Voucher Halodoc Terbaru ‼️ Chat Dokter Spkk, Psikolog, Gizi, Obgyn, dll 💥 HLDXC5K6D Beli Obat, Vitamin, Skincare 💥 HLDXOA72M Homecare: Lab, Vaksin, MCU 💥 HLDXHQUHD Haloskin: Jerawat, anti-aging 💥 HLDXSBX0X Halofit utk program diet 💥 HLDXFSHW7 #zonauang #zonajajan",,positif
"Rak keranjang besi multifungsi yang bikin ruangan makin rapi. ✨ Kokoh, minimalis, dan cocok untuk menyimpan skincare atau perlengkapan sehari-hari. 🤍 https://t.co/J1jhwp0jMZ",https://s.shopee.co.id/903G3deYHJ,positif
"Rak keranjang besi multifungsi yang bikin ruangan makin rapi cuma 30 ribuan. ✨ Kokoh, minimalis, dan cocok untuk kamar mandi maupun kamar tidur. Pas untuk menyimpan skincare, perlengkapan mandi, atau barang favorit agar tetap tertata. 🤍 https://t.co/5VALrPkpGC",,positif
"Gak pernah kapok pdhl udh dibilangin si ak tuh jgn coba2 beli skincare mihil nnt kl cocok bingung repurchase na, in this economy 🥹 https://t.co/AUBpTG8k9X",,positif
"WANT TO SALE SEA MAKE UP LIQUID BLUSH 💸53k/each, 100k dapet 2 🚚shopee freeong ✅ COD Jaksel (pasming, pejaten, sekitarnya) warnanya cakeup😩 wtb wts rekomendasi lip gloss matte velvet tint lipstick makeup skincare bagus lippies jkt jakarta blush on zonauang #Zonajajan #zonaBU",,positif
"WANT TO SALE PRELOVED MOP GWS BERRYPHORIA 💸60k 🚚shopee freeong bisa COD daerah pasming sekitarnya pemakaian bersih yaa, warnanya cakeupp wtb wts rekomendasi lip gloss matte velvet tint lipstick makeup skincare lippies jkt jakarta mother of pearl #zonauang #Zonajajan #zonaBU",,positif
"tanggal 1 belum gajian, semua skincare abis, terus isrng buka rekomendasi shopee, LOH LOH 100 ribu dapet 7 item gila kaliya semoga cocokk https://t.co/pBogOs2wJX",https://s.shopee.co.id/AAFDMt4rOH,positif
ga pernah di pakek ada yng mau kah??? https://t.co/St4L1sddAm,,netral
Rekomendasi Skincare buat Atasi & Cegah Purging/BreakoutUntuk Repair Barrier (WAJIB saat purging/breakout) Centella Asiatica (Skin1004 Madagascar Centella https://t.co/4M7lOlpm73 ) Ceramide + Panthenol (Illiyoon Ceramide Cream https://t.co/bwjAI8GBla ) Snail Mucin (Cosrx Advanced Snail 96 https://t.co/GPDYSvNgOg atau pake FFY https://t.co/I8VgGRcfVe ),"https://s.shopee.co.id/3B5Sx97xyM, https://s.shopee.co.id/4LHQLNSFO4, https://s.shopee.co.id/3B5Sx97xyM, https://s.shopee.co.id/4LHQLNSFO4, https://s.shopee.co.id/1BKOZdOffh, https://s.shopee.co.id/1VxEyJLr5X",positif
jujur skrng skincare omg menarik gt deh!,,netral
✨Rekomendasi skincare buat pejuang jerawat 1. Acne lotion viva Sumpah yah brand ini ga brisik tapi produknya nampol parah. Bikin jerawat langsung kering dan menghambat penumbuhan jerawat https://t.co/sSxivkwsRe,https://s.shopee.co.id/2BCvQK03ua,positif
@akun Sama-sama cantik jadi harus berkenalan siapa tau bisa collab review skincare &gt;_____&lt;,,netral
semakin banyak affiliate semakin susah deh cari review skincare yg bener” jujur:(,,netral
"Itu BREAKOUT atau PURGING sih? Dua-duanya beda banget penanganannya. Kalau salah langkah, malah makin parah. Thread ini aku jelasin lengkap + cara atasi + rekomendasi skincare biar kulit cepet membaik. Biar makin glow up🐻✨ Simpan dulu ya! A THREAD https://t.co/3MOoN5QQMz",,positif
"Voucher Halodoc Tercuan Juli 2026🔥 Chat Dokter Spkk, Psikolog, Gizi, Obgyn 💥 HLDXC5K6D Beli Obat, Vitamin, Skincare 💥 HLDXOA72M Homecare: Lab, Vaksin, MCU 💥 HLDXHQUHD Haloskin: Jerawat, anti-aging 💥 HLDXSBX0X Halofit utk program diet 💥 HLDXFSHW7 #zonauang #zonajajan https://t.co/KgU2RfaUQB",,positif
PMD Beauty Wave Pro Review + 20% Off Discount Code ✨ | https://t.co/skeHwE0uXX #bblogger #beauty #skincare #skincaretools #pmd #discount #promo #moneysaving #coupon #wedding #weddingprep #vacation #teen #teenskin #acne #blackheads #june #payday #heatwave https://t.co/Fly9g70of9,https://www.astoldbykirsty.co.uk/2023/10/pmd-beauty-wave-pro-review-discount-code.html,netral
Cek GARNIER Facial Wash ISI 2 ALL VARIANT 100ML Vitamin C Ceramide Anti Jerawat Skincare Pembersih Wajah sabun cuci muka sabun muka glowing dan memutihkan Bright Complete Sakura Glow Face Wash dengan harga Rp55.547. Dapatkan di Shopee sekarang! https://t.co/zMv7XDdKe0,https://s.shopee.co.id/40eZROa6JD,positif
"btw teksturnya bukan yang bikin muka kerasa berat. jadi pas dipake pagi atau malem masih nyaman claim-nya lumayan lengkap sih. bantu jaga skin barrier, bikin kulit lebih lembap, sampe bantu nyamarin bekas jerawat pelan-pelan tapi ya balik lagi, skincare emang cocok-cocokan👍 https://t.co/JPa1T8x2WJ",,positif
"sediiiiih bgttt muka aku break out parahh :(( baru kali ini kaya gini, kering bertekstur ditambah redness+jerawat😭 skin barrier nya rusak kah :(( bingung bgt harus pake skincare apa😢",,negatif
barakallah cocok skincare murah yg ga menguras dompet gue😭😭😭🙏🏻,,positif
"lagi baca postingan preloved, ternyata orang-orang kalau beli skincare sekali gak cocok di preloved in ya, aku beli sekali ga cocok ku kasih ke orang-orang",,positif
UDAH PASRAH BANGET MUKA JERAWATAN!!!! karna udah di fase cape harus ganti-ganti skincare terus😭 dompet menipis pula😭 tapi setelah cari rekomendasi dan beli moisturizer khusus untuk skinbarier akhirnya mukaku bener-bener better😭😭 Sangat-sangat bersyukur nyampe di titik ini🥺 https://t.co/kqcTYwZE3P,,positif
skincare korea bio essence kok susah dicari sih apa udah bangkrut y padahal bagus bgt,,positif
"Peg board ini bukan cuma papan dinding, tapi spot paling estetik buat naro semua barang favoritmu. Mulai dari headset, kunci, skincare, sampai dekor kamar semua jadi lebih rapi & aesthetic Minimalis, multifungsi, dan cocok buat kamar anak muda yang pengen tetap kece tanpa berantakan. ➡️https://t.co/AUJp93CZhx",https://s.shopee.co.id/5L9wss8knM,positif
Ada yang pake lip cream wardah yg glossy glasting ngga sih? Mau review jujurnya dong guys😆 https://t.co/4uI1qAPTHM,https://s.shopee.co.id/6ffKTpmtyH,netral
"Best At-Home Facial Device For Stay-At-Home Mothers Review (UNBELIEVABLE) CLICK LINK TO ORDER NOW https://t.co/8pup6TZRxD This at-home facial device is trending for a reason. #facialdevice,#skincare,#beautytech,#antiaging,#glowingskin,#momlife,#selfcare,#skincaretools,#beautyG https://t.co/VXCLotDf8m",https://amzn.to/4oSTIlZ,positif
"wts preloved skincare. for skin sake liquid cream, glowies moist, skintint luxcrime. dom depok dijual krn kulit ku lagi kering jadi ga cocok. isi masih lebih dari 50%💥 start 25k ya💸 https://t.co/2KDprnhX9o",,positif
"Kalo skincare bisa multitasking, kenapa pilih yang cuma ngelembapin?🤏🏻👀 Kan ada HPR Retinoid Bright + Acne Serum Moisturizer yang siap bantu ngurusin jerawat, bekasnya, sekaligus kasih cerahin kulit kalian!✨ https://t.co/djW6hgP8Fy",https://s.shopee.co.id/5q6DThRYoM,positif
"Voucher Halodoc Tercuan 🤩🤩 Chat Dokter Spkk, Psikolog, Gizi, Obgyn, dll 💥 HLDXC5K6D Beli Obat, Vitamin, Skincare 💥 HLDXOA72M Homecare: Lab, Vaksin, MCU 💥 HLDXHQUHD Haloskin: Jerawat, anti-aging 💥 HLDXSBX0X Halofit utk program diet 💥 HLDXFSHW7 #zonauang #zonajajan",,positif
"in this economy, cari skincare yg affordable tapi juga bagus, kayak serum omg ini yg bisa bikin kulit glowing dan bagus buat skin barrier link shopee: https://t.co/Ir21A6TSvF",http://s.shopee.co.id/9UzVlQt131,positif
"udah pake basic skincare tapi jerawat masih on off? bisa jadi sel kulit mati di wajah udah numpuk/ regenerasi kulit yang melambat. solusinya emang perlu pake active ingredients, ngga bisa basic skincare aja. https://t.co/0sZF46AKSm",,netral
Masuk usia remaja (14 tahun ke atas) mulai sering muncul jerawat puber? Jangan asal pencet atau pakai skincare sembarangan ya. Mending cobain serum jerawat yang ramah buat kulit remaja kayak OATSTANDING BHA + LHA Acne Serum dari Finally Found You! https://t.co/jWcp7YmcuC,https://s.shopee.co.id/4AxzPHeHoq,netral
"@akun dok spill skincare atau treatmentnya, kaya masih late 20 jujur",,positif
Retinol or Vitamin C? Which one belongs in your skincare routine? The best choice depends on your skin goals. Review: https://t.co/TAxhmVOikB #Skincare #Retinol #VitaminC #SkinCareRoutine #HealthySkin #GlowingSkin #BeautyTips #SkinCareTips #AntiAging #DarkSpots https://t.co/SmEkrj3VOr,https://nimblejournal.com/retinol-vs-vitamin-c-serum/,positif
── REKOMENDASI SKINCARE ── ꢾ୧. HALO GUSY karena lazada lagi ngadain LAZBEAUTY FESTIVAL jadi bakalan ada diskon super 33% hingga Rp 133.000!!! 🙌🏻🙌🏻🙌🏻 👩🏻‍🍳💭 : jadi boleh dicek skincare yang aku pakai disini supaya dapetin diskonnyaa ☝🏻😋,,positif
"@akun Padahal tiap tahun selalu ada skincare baru yang viral. Alasannya simpel: 💗 Bantu bekas jerawat memudar. 💗 Skin barrier terasa lebih terjaga. 💗 Ringan dan nyaman dipakai setiap hari. 💗 Nggak bikin kulit berasa ""sesek"". https://t.co/v39u0R4ias",,netral
"Tanda cleanser kamu terlalu keras 🫵 1. Muka jadi 'keset' 2. Langsung merah 3. Jerawat makin meradang Solusinya ganti ke cleanser gentle, hydrating, pH-balanced kayak ini. #Skincare #Cleanser https://t.co/YaOh3tPMY3",https://s.shopee.co.id/7AbHpZfzJq,netral
Thread: Kenapa kulit kamu masih kusam padahal udah rajin skincare-an? 🧵👇 1/ Masalahnya bukan malas. Tapi FORMULANYA yang belum tepat. Vitamin C itu bagus — tapi tidak semua serum punya kombinasi bahan aktif yang benar-benar WORKS. ⚠️ https://t.co/A7rtmVPcmo,,positif
"✨ Olay Regenerist Face & Neck Roller – Your Skincare Routine Just Got Smarter! https://t.co/elazGVyg5Y Give your skin the care it deserves with the Olay Regenerist Face & Neck Roller. Designed to help your skincare absorb better while gently massaging your face and neck, it leaves your skin feeling refreshed, smoother, and revitalized. Watch the review to see why everyone is talking about it! #TrendPikz #Olay #Regenerist #FaceRoller #Skincare #BeautyTools #SelfCare","http://trendpikz.com/, http://trendpikz.com/",netral
@akun @akun Skincare Korea yg lebih affordable dan packagingnya bagus pun lebih banyak kak 😭. Meanwhile ini 300k packagingnya kalah ma Viva.,,positif
"POV: nemu tube kosong aesthetic yang bikin skincare homemade atau sample produk jadi keliatan mahal. 🤍✨ ✔️ Minimalis ✔️ Travel friendly ✔️ Cocok buat cream, lotion, sunscreen, hand cream, dll. Link di bawah ya! 👇💸 https://t.co/7SKd1Sj1v0",,positif
"Jujur day 01 hangout ama arum vbs sudah banyak hal yang dibicarakan dari prosek, rekomen kosmetik dan skincare, trus konsul RL thingy, dan apa aja diomongin WKWKWK SERU BGT POKOKNYA YAPPING AMA AKAK ATMIN, IH JADI MAU YAPPING BARENG LAGI 😩😩😩😩",,positif
"One of my favorite proudly local skincare products, Nutrishe Intensive Bright & Glow Serum🌸🤍 🛒: https://t.co/PctjfHwK2D Ini serum beneran holy grail banget kalo lagi struggle sama kulit kusam dan warna kulit yang gak merata. Sejak upgrade formula, menurutku makin bagus, jauh lebih powerful. Efeknya lebih kerasa dan hasilnya juga super signifikan di kulitku✨","https://s.shopee.co.id/2g9BPsEZ1c, https://s.shopee.co.id/2g9BPsEZ1c",positif
"Dulu awal pakai innisfree tuh karna BA-nya Mingyu, turns out COCOK bgt di mukaku iniiiiii. Setelah itu engga pernah ganti lagii, thx to Mingyuuu yg sudah membuatku menemukan rangkaian skincare yg cocok buatkuuuu &lt;3&lt;3&lt;3",,positif
"WANT TO SALE SEA MAKE UP LIQUID BLUSH 💸53k/each, 100k dapet 2 🚚shopee freeong ✅ COD Jaksel (pasming, pejaten, sekitarnya) warnanya cakeup😩 wtb wts rekomendasi lip gloss matte velvet tint lipstick makeup skincare bagus lippies jkt jakarta blush on zonauang #Zonajajan #zonaBU https://t.co/5sxiOnBBwH",,positif
"NEW! Wardah UV Shield Sunscreen Spray Serum Ultra-Fine Mist Serum SPF 50+ PA++++ 50ml - Sunscreen Re-apply,Tekstur Ringan, Cepat Menyerap, Tidak Lengket, Cocok untuk Makeup - Skincare https://t.co/1uB9Qdy4QY",https://s.shopee.co.id/1LdnmVwNiW,positif
"Guys review skin tint guele dong terutama yang punya somethinc juga Bingung mau repurchase somethinc apa ganti ke guele. Aku pakai somethinc patchy banget, apakah guele better? Untuk daily kuliah btw https://t.co/yTv5e6T0Ms",,netral
"@akun Skincare yg target pasarnya laki? Kahf udah masuk pasar bola Garnier men kali ya, atau nivea for men Boy masih cocok masuk produk2 target gen Z skena. Mukanya sangat gen Z style",,positif
"—— Cleansing Gel tipe gentle cleanser yg bagus buat skin barrier tanpa ngasih rasa keset/ketarik —— Boosting Toner teksturnya watery enak cepet meresap, ngasih efek adem + prepare the skin for next skincare biar maksimal https://t.co/U3GPlC72tS",,positif
"solusi dari aku kalau pengen tetep glowing &amp; anti kusam pas traveling tapi males bawa botol gede-gede, YOU MUST TRY THIS❗️🤍 sepaket isinya dah lengkap, tetep brightening sambil traveling🙆🏻‍♀️🚗 https://t.co/ZMF2KYQeR7",,positif
"@akun aku dulu beruntusan di pipi juga 😭 bingung ganti"" skincare ga ada yang cocok. Akhirnya coba Skintific https://t.co/YJpJpVOTkn lumayan bgt hasil nya. menurutku jgn kebanyakan pakai skincare aktif dulu. Fokus benerin skin barrier, baru nanti pelan"" masukin exfoliating",https://s.shopee.co.id/9pcLqNI3UP,positif
"Si tinted sunscreen ini praktis banget, ada skincare, bisa proteksi dari sinar UV, juga bisa jadi skin tint. Mantap banget deh. Finishnya juga cakep poll, cocok buat kita yang mau makeup no makeup look 🥹 Yang mau cobain juga, bisa beli disini ya : 🔗 https://t.co/SqcpMV7Nad",http://s.shopee.co.id/5fmmsnWebY,positif
@akun kakak lebih cantiikkk ini semua karena rekomendasi skincare kakak,,positif
@akun mau jajan emina boleh ga? aku cocok pake produk ini. pake skincare lain pada bruntusan kulitku. sensitif. 🥹 https://t.co/3ZbJjx5zVd,,positif
@akun Bagus-bagus ya itu skincare nya,,positif
"7. JADI UGC CREATOR / PAID REVIEWER ga butuh followers banyak. brand sekarang lebih suka konten yg natural dari creator biasa drpd influencer mahal. cukup bikin konten produk yg jujur dan estetik, mau itu skincare, makanan, produk lokal, semaunya nyari ini. search ""UGC Creator Indonesia"" di IG/TikTok. ini lumayan sulit krn antara harus cold outreach ke brand atau tunggu direach brand dulu.",,positif
"ketakutan yang menjadi kenyataan, cocok pake skincare cowokku😭",,positif
"Buat yg umurnya 30++, punya masalah kulit kusam, pori pori besar, flek, bekas jerawat, komedo dan kerutan bisa pake rangkaian ini. Semua type jenis kulit bisa pake rangkaian ini. Jadi kalian bisa sesuaikan dgn skincare yg kalian punya.",,netral
"Tanpa pake TRETINOIN, kulit kalian bisa cerah, glowing , halus dan kencang kalau pake rangkaian ini. INI REKOMENDASI SKINCARE ROUTINE UNTUK UMUR 30++, BIAR TETEP AWET MUDA. ADA URUTAN CARA PAKAINYA DAN REVIEWNYA. A THREAD https://t.co/WY1W8JQRmv",,positif
sarung bantal silk punya terli nih beneran mengandung skincare kah bjir yg tadinya jerawat w on off ini bneran ga muncul lagi keren bgt sungkem sama ownernya🧎🏼‍♀️,,positif
"Tpi ini emang beneran. Dulu pas jaman kuliah, biar irit make baby oil+natrep republic, dicampur trs dipakein di wajah pas malem, bsk paginya kulit jd alus bngt &amp; plumpy+pori2 mengecil. Sampe dipuji2 sma temen 'kok kulitnya alus &amp; bagus bgt, pake skincare apa?' Review jujur loh",,positif
"Irit Tapi Maksimal = 80gr seharga ∼ 3 jar kecil. Lebih cocok buat kamu yang tim ""pakai banyak biar puas"". Tekstur gel creamnya ringan, ngga lengket. Jadi aman di layer agak tebal pas malam hari buat sleeping mask. #Skincare #Moisturizer https://t.co/DAQdGq7Hm6",https://s.shopee.co.id/8KnXTwSYRK,positif
"@akun aku udah 3 minggu cut gula tp cut gula tambahan kayak es manis kue kuean yang manis, kalo gula alami kayak nasi buah masi ku makan, tp aman aja dan bener muka jadi glowing abis jerawat cepet mudar tp dibantu skincare jg sih",,positif
@akun Dulu pernah juga skincare masuk di hama.. Sama all out juga.. Emang cocok dia jd pembawa acara home shopping 😅,,positif
"gue ga bilang ini bakal cocok di semua orang yaa, karena kondisi kulit tiap orang beda-beda. tapi kalau lagi cari basic skincare yang simpel buat dipakai harian, rangkaian ini layak banget dicoba.",,positif
"dulu tiap ada skincare yang viral, rasanya pengen coba semua. sekarang malah lebih milih skincare yang udah cocok daripada terus-terusan FOMO wkwk",,positif
@akun Asli deh… terus doi nih saking emang sangat skincare holic bahkan bantal bobo pun kudu yang bahannya bagus buat kulit. Jaga kebersihan dll. Gak kebayang sih dedikasi untuk kulitnya yang manteb itu,,positif
"Rak 4 susun serbaguna yang bikin penyimpanan jadi lebih rapi. ✨ Cocok untuk dapur maupun kamar, pas buat menyimpan buku, skincare, alat tulis, dan berbagai barang lainnya. 🤍 https://t.co/BHolasqwK6",https://s.shopee.co.id/9zvlgzhQ5U,positif
"Yuk, bikin barang-barang jadi lebih rapi! ✨ Rak 4 susun ini serbaguna dan beroda, cocok untuk dapur maupun kamar. Bisa dipakai menyimpan buku, skincare, alat tulis, atau barang lainnya agar tetap rapi dan mudah dijangkau. 🤍 https://t.co/rMhwRa1j1X",,positif
@akun Pernah kaya gini juga aku Pake basic skincare terus moistnya pake labore yg ini bener bantu banget dari jerawat saa kemerahan ga instan tapi under 2 bulan uda sembuh lagi https://t.co/qT6eAXaWCS,https://s.shopee.co.id/4AxyeIHAWA,netral
"Yo se que mi piel responde muy bien al Skincare coreano. Pero y el Haircare coreano/japonés? &gt;&gt; Lo estaré averiguando y dando mi review en IG. Porque compre mascarillas, aceites, y champús populares asiáticos a ver que tal.",,netral
"JUJUR JANGGAL😭 heran banget sama paksu, padahal skincarenya cuma facial wash sama sunscreen, tapi mulus, istrinya pake skincare + ke klinik, tapi ga semulus suami👉👈￼",,netral
"Kemarin jari2 ini gregetan sama jerawat sampe pecah, malamnyaa langsung skincare-an pakai Glycolic Acid Dan skrg udh mulai samar 🙂‍↕️🙂‍↕️ https://t.co/U6bvvAPQ79",,netral
"JUJUR IRI BANGET PLISS😭🙏🏻 heran banget sama paksu, padahal skincarenya cuma facial wash sama sunscreen, tapi mulus, istrinya pake skincare + ke klinik, tapi ga semulus suami👉👈",,netral
"@akun Kak coba ikutin saranku soalnya aku pernah kekgitu btw aku st oily.. balik ke basic skincare, stop pake make up berat Pagi: pake fw cetaphil, olesin obat jerawat mediklin, niacef, ss amaterasun Malem: fw cetaphil, mediklin, niacef, moist cosrx oil free",,netral
"Entah kenapa kalo lagi pulang ke rumah mama, rambut, kulit, terutama kulit wajah jadi bagus. Kaya skincare tuh minim effort buat bekerja secara maksimal, apa karena airnya bagus disini? Soalnya ditempat tinggal gw airnya berkarat😕",,positif
jujur semenjak liburan sekolah ak jadi males skincare an. . .,,netral
"@akun udah coba semua skincare, selalu balik lagi kesiniii karena bagus banget buat skin barrier dan cocok buat di layer sama semua serum https://t.co/6ZvybxtSzi",https://s.shopee.co.id/9zvlbkXyqp,positif
"Kulit bayi itu sensitif. Kalo skincare ngga cocok, pasti iritasi &amp; susah tidur karena rasanya gatal &amp; perih. aku suka soalnya tidurnya jadi lelap tapi kulitnya ngga iritasi karena produk ini hypoallergenic &amp; dermatologically tested.￼ Belinya disini: https://t.co/IQucx67fdN https://t.co/P9NsmHy7eV",https://s.shopee.co.id/4qDfSCMcUI,netral
"KORBAN BABY OIL 🤍 Aku berhasil hemat ratusan ribu budget skincare cuma gara-gara minyak bayi ini. Awalnya skeptis banget—jujur cuma iseng karena kulitku dulu kering & pori-pori keliatan jelas. Eh tapi lama-lama aku sadar… lah kok jadi bagus begini? 🥹 Pelan-pelan kulit keliatan lebih smooth, nggak gampang kusam, dan rasanya tuh happy banget lihat perubahan kecil tiap hari 🥺 “The real game changer” ternyata sesimpel ini ✨🩷￼",,positif
"@akun @akun aku juga gini, kalo mau coba coba skincare lebih suka beli travel sizenya dulu. kalo cocok baru beli yang gede🙂‍↔️",,positif
Ask! Facial wash dari g2g atau skintific ya? Gimanaa sih cara nentuin produk skincare yang cocok sama kulit kita.⁣​‍⁠​‍‌⁣,,positif
Ternyata sejauh ini warna kulit wajah sama leherku🥲 Kemarin aku mau pake skincare nya klinik tapi dimarahin temenku katanya takut ketergantungan. Tapi aku pake skincare drugstore belum nemu yg cocok😖 https://t.co/JQ5HeIYEIk,,positif
jujur ni makeup sm skincare knp abisnya pd barengan sih 😀,,netral
Sonsie: A Review of the Skincare Brand Co-Founded by Pamela Anderson | https://t.co/vCeIe6Oh4m | https://t.co/pZNjJx81ns,https://www.lucymary.co.uk/2025/08/sonsie-review.html,netral
"Jujur aja nih, pesona kamu tuh nyegerin banget ibarat abis pake skincare andalan di malam hari, jadi gimana, udah siap belum nerima spam notif gombalan dari aku tiap hari?",,netral
"A skincare founder messaged me in February. She had one question. ""Why does everyone compliment my product and then not buy it again?"" She had a moisturizer. Handmade in small batches. Plant-based. No fillers, no fragrance, no anything that didn't belong. Dermatologists had tested it. Estheticians were quietly recommending it to their most sensitive-skin clients. Her repeat purchase rate was 11%. The industry average is 28%. She had spent 14 months assuming it was the price point. Then the packaging. Then the website. She redesigned all three. Twice. The repeat rate stayed at 11%. I asked to see her ads. She sent eight videos. Every single one opened on the product. Jar on a marble countertop. Lid off. Finger swirling the texture. Then a list of what was in it and what each ingredient did. Plant squalane. Ceramides. Niacinamide. Bakuchiol instead of retinol. The videos were beautiful. Genuinely beautiful. And completely forgettable. Not because the product wasn't good. Because the videos were answering a question nobody was asking. Nobody wakes up at 6am and thinks: I need to find a product with bakuchiol instead of retinol. They wake up and think: I am so tired of my skin feeling like it belongs to someone else. She was making content for the 1% of customers who research ingredients before they buy. She was ignoring the 99% who just want to feel like their skin is finally on their side. We built three videos in 5 days for $100. No jars on marble. No ingredient lists. No texture swirls. A woman at the end of a long day. Sitting on the edge of her bed. The particular stillness of someone who has stopped performing and is just existing. She touches her face the way you only touch something you're not worried about anymore. That's it. Thirty seconds. No voiceover. No claims. Just a woman who had found the thing that made her skin feel like hers again. The results after 30 days: → Thumb stop rate doubled in the first week → Cost per acquisition dropped 61% → Repeat purchase rate went from 11% to 34% → She got 67 messages from customers saying some version of ""this is the first ad that made me feel seen"" That last one matters more than any metric. Because she hadn't changed the product. She hadn't changed the price. She hadn't changed the audience. She had stopped explaining what was in the jar and started showing what it felt like to not worry about your skin anymore. On week five she sent me a voice note. She was crying a little. ""I spent a year thinking people weren't buying twice because something was wrong with the product. Nothing was wrong with the product. They just never felt anything about it. They bought it once with their brain and it never reached their heart. Now it reaches them somewhere else first and they don't leave."" They bought it once with their brain and it never reached their heart. This is the quiet crisis inside every good product with mediocre ads. The product is not the problem. The feeling is missing. Features convince. Feelings convert. And feelings are the only thing that makes someone come back. If your retention numbers don't match your review numbers — your ads are talking to the wrong part of your customer. 👉 https://t.co/cbplLq7HKV $100 per video. $350 for 5. $600 for 10. Tell me what you sell below and I'll tell you exactly what we'd make for you. 👇",http://motionvisualflow.com,positif
"@akun gpp pakeee design grafis jugaa bisaa saa, coba liat deh content"" grafis skincare. nanti post trus kamu kayaj review produk""nya gitu ya mana tau ada yg nyangkut brandnya",,netral
"@akun Repeatedly is seen; ""The Cosmetic Ingredient Review Expert Panel has found -------- safe"" AND ""primarily used in the cosmetic and skincare industry"", which in my estimation, guarantees NOTHING. Do YOU trust them? I don't.",,netral
MAU CARI REVIEW SKINCARE SUSAH HUEEEEE,,netral
UDAH PASRAH BANGET MUKA JERAWATAN!!!! karna udah di fase cape harus ganti-ganti skincare terus😭 dompet menipis pula😭 tapi setelah cari rekomendasi dan beli moisturizer khusus untuk skinbarier akhirnya mukaku bener-bener better😭😭 Sangat-sangat bersyukur nyampe di titik ini🥺 https://t.co/GPNSFtPmcc,,positif
"✨My honest review of Starwise Grass-Fed Whipped Tallow Moisturizer, a natural skincare fave, from texture, smell, feel &amp; results. Watch the full review: https://t.co/WYR0B52IIh #StarwiseTallow #StarwiseWhippedTallow #WhippedTallow #NaturalSkincare affliliate link https://t.co/NtKAFZEV8I",https://amzn.to/4oTZtQ4,netral
"Tapi bener deh kalau udah nemu basic skincare yang cocok tuh seneng banget 😭 Tapi sunscreen ku belum nemu, pengen coba wardah yang airy smooth. Semoga cocokk.",,positif
"@akun kak? sama bgt permasalahannya kyk kulit aku dulu karena fomo skincare di apk sebelah, skrng udah ilang total krn aku cari² skincare yg cocok sm tipe kulit aku ini fw nya https://t.co/NpdPFzu082 moist sama serum aku pake dari ourdaylee https://t.co/iBwPKBpRyd","https://s.shopee.co.id/1gGcxbTUzx, https://s.shopee.co.id/40eXk3YnJG",positif
"@akun Skincare cocok2an nder. Harus nyobain sendiri, cocok di orang lain blm tentu di kamu juga cocok. Aku ada saran nih (foto). Fw nya pake wardah light+ yg biru muda (kalau kamu kombinasi) https://t.co/sNmhmnfWSG",,positif
I tested an LED Facial Neck Massager and shared my review! ✨💆‍♀️Does this at-home skincare gadget deserve a spot in your beauty routine? Watch my review: https://t.co/vnCBGu0omA #LEDFacialMassager #SkincareTools #BeautyGadgets #SkincareRoutine #AntiAgingTools affiliate link https://t.co/kHopsk4nCj,https://amzn.to/4vJEen2,netral
"Serum yang bagus untuk membantu merawat skin barrier, melembabkan, menjaga hidrasi, serta meningkatkan kekencangan kulit. Selain itu, berfungsi menenangkan dan menutrisi kulit https://t.co/DozCZEDACf #Skincare #BarrierSerum",https://s.shopee.co.id/6pyFmbq5dJ,positif
"@akun Kak àku ga capek buat bilang peetama balik ke basic skincare, cari fw yang cocok buat kakak. Aku kulitnya sensitif dan aku pake facetology cocok https://t.co/Q0cIMVDVkq Terus cari mois yg cocok, btw buat barrier oke https://t.co/oGA9F96axB Ga langsung satset tp harus sabar","https://s.shopee.co.id/AKYbDjhmgD, https://s.shopee.co.id/80AgRYWEy1",positif
"In this economy wlaupun rupiah lemah, harga brg naik, lancarkanlah selalu rezeki saya dri sgl arah Ya Allah yg pny kulit sensitif dan badan ringkih, soalnya skincare saya mehong, bkn g mau pake yg murah tp emg gak cocok 😭 buat beli makanan yg enak bernutrisi, berobat pas drop 😥",,positif
"punya jerawat tuh normal, yg ga normal tuh kalo kita diem aja! langkah pertama yg aku lakuin klo lg jerawatan tuhh lgsg ganti semua skincare ke khusus acne 👌🏻 https://t.co/NqGf8gFkUx",,netral
Copper Theory pairs 2% GHK-Cu with Tremella because repair needs more than a peptide — fibroblasts need oxidative stress protection too. A 2024 review of 52 mushroom skincare studies explains why. [1/3] https://t.co/cqgk3NFudX https://t.co/hQi0fXYVfg,https://pmc.ncbi.nlm.nih.gov/articles/PMC11356820/,netral
"@akun aku jerawatan parah &amp; tipe jerawat batu, aku pencetin tapi ga berbopeng :' kayanya harus laser atau treatment... atau pasrah :' soalnya jaringannya yg rusak, harus disakiti ulang &amp; dikasih serum (kaya konsep microneedling). skincare paling cuman bisa ngebuat cerah.",,netral
PMD Beauty Wave Pro Review + 20% Off Discount Code ✨ | https://t.co/skeHwE0uXX #bblogger #beauty #skincare #skincaretools #pmd #discount #promo #moneysaving #coupon #wedding #weddingprep #vacation #teen #teenskin #acne #blackheads #june #payday #heatwave https://t.co/Go5ox9qdtC,https://www.astoldbykirsty.co.uk/2023/10/pmd-beauty-wave-pro-review-discount-code.html,netral
@akun JUJUR makin seneng soalnya hampir semua skincare skin1004 ada travel sizenya,,positif
yap! TW // jerawat guys kasih aku rekomendasi skincare yg cocok buat kulit aku yg bruntusan ini dong! https://t.co/xrQaYi3bMT,,positif
"@akun @akun Kalo dry skin punya somethinc masih oke kok asal pake tipis tipis sama pake setting spray Kalo alternative lain bisa coba sasc kak, maaf ini bedaknya ga abis2 jd ga bisa review banyak wkwkwkwk",,positif
"@akun main ingredients mereka di series ini : — MideWhite, Niacinamide, Traxenamic Acid, Vitamin C Derrivated. pokoknya cocok buat concern kulit kusam, also mild buat aku yg udah lama rest pake brightening skincare, ga bikin muka jadi cekit-cekit jg💗",,positif
L’Oréal ambyarrr nih banyak voc brand + toko cekkk ini skincare nya cocok banget di aku buat glowing L’Oréal bright glowing 4 pcs udh se set lengkap cuma 150rb aja dapat hadiah GRATIS juga https://t.co/DOhPjbG3PF L’Oréal bright glowing nigh + day cream 90rb se set https://t.co/pRaWegdyE3 Combo voc brand klaim disini https://t.co/bLhIywGS15,"https://s.shopee.co.id/9UzU7H19r4, https://s.shopee.co.id/9UzU7H19r4, https://s.shopee.co.id/1qa2yTYv1b, https://s.shopee.co.id/AAFAtWvDlN",positif
"Lucu ya, dulu mikirnya makin dewasa pasti skincare sama make up makin upgrade dan mahal. Tapi plotwist nya, makin sini justru makin cari yang lebih worth it! Aku: Lip cream Maybeline → Wardah → OMG Bener-bener pake yang penting cocok, nyaman dan gak bikin DOMPET NANGIS karena produknya dipake daily juga🤣😭 Siapa yang sama???😅",,positif
"terakhir elsie organizer bag… ini penyelamat isi tas jujur 😭💯 bahannya poly oxford jadinya ringan, waterproof dan gampang dibersihin. di dalam ada compartment besar + 6 slot pocket jadi skincare, charger, makeup, semuanya bisa dipisah rapi https://t.co/1BYo17TAdQ",,netral
Voucher sudah terpakai 70% lebih yukkk cekkk klaim terus pakai voucjer nya - Diskon 50% sd 10rb - Diskon 25rb minbel 100rb https://t.co/V5GPzdW1mU https://t.co/FggYqRG6Tf,https://s.shopee.co.id/AAFAtWvDlN,netral
"smart girl hack: beli travel size-nya dulu buat test drive!😆🤏🏻 emang paling bener nyobain travel size dulu sebelum beli full size biar dompet aman kalau ternyata kurang cocok. UNTUNGNYAAAA yang ini cocok, happy deh akhirnya pake brightening skincare lagi🙂‍↔️💗 https://t.co/1t8MbA6G9k",,positif
"@akun 🔴 Diagnosis: Periorificial dermatitis 📍 Acne-like papules around the mouth, chin and nostrils ⚡️ Often triggered by steroid creams or heavy skincare 💊 Stop facial steroids and arrange dermatology review",,netral
@akun nder mau nanya dong skincare yg bagus buat cowok st oily apa yaaa untuk pemula? terimakasih,,positif
"as acne prone syarat face wash tuh harus gentle, gampang dibilas, gak bikin kering, poin plus affordable dan bantu redain jerawat 🤝 nah semuanya udah ada di facewash ini 😭☝🏻 https://t.co/YyZM4e864K",,netral
"Hasil yang di rasain dari pemakaian dua serum top nya hanasui, pori-pori lebih bersih, jerawat lebih cepat kering, dan kulit terasa lembut, pokoknya perfect buat yang lagi struggle sama acne tapi butuh skincare yang murah🤩🙌🏻 #Hanasui #AntiAcne #SerumJerawat #ExfoliatingSerum",,positif
"Dibanding sunscreen lain yang harganya 2-3x lipat, hanasui jauh lebih complete, karena udah ada proteksi UV + treatment skincare, jadi cocok banget buat daily wear, makeup base, atau yang kulitnya kombinasi/sensitif... #HanasuiSunscreen #SunscreenMurah #SkincareIndonesia",,positif
"Aku pribadi udah pernah pakai skincare yg ini selama 2 bulan, dan so far cocok banget sih di kulit aku yg normal to dry ini, bikin glow dan mulus https://t.co/hUR7wd66Hh",,positif
search bar sekarang udah useless banget ye 💔💔💔 susah mau nyari tweet lama sama tweet yang relate,,netral
"✨ Setiap perjalanan menuju kulit yang lebih sehat dimulai dari satu langkah kecil. Lihat salah satu cerita dari pasien Hafira Skincare Clinic yang merasakan perubahan kondisi kulit setelah menjalani konsultasi, treatment yang disesuaikan, dan rutin menggunakan rangkaian skincare Hafira. 🤍 Ingat, setiap orang memiliki kondisi kulit yang berbeda, sehingga hasil perawatan dapat bervariasi. Kalau kamu masih bingung menentukan treatment atau skincare yang sesuai untuk kulit berjerawat, jangan asal coba. Yuk, konsultasikan kondisi kulitmu bersama tim Hafira Skincare Clinic agar mendapatkan rekomendasi yang sesuai dengan kebutuhan kulitmu. 🌿 📍 Hafira Skincare Clinic – Surabaya 💌 Booking konsultasi sekarang melalui DM atau WhatsApp, dan mulai perjalanan menuju kulit yang lebih sehat bersama Hafira. #HafiraSkincare #DokterkulitFirda #HafiraSkincareClinic #AcneCare #AcneJourney #SkincareSurabaya #TreatmentWajah #HealthySkin #KlinikKecantikan #PerawatanKulit",,positif
AI-Generated Skincare Video: Skin byZaron Body Lotion Review https://t.co/RKqKAKsMHU,,netral
"SPILL BRAND SKINCARE &amp; MAKEUP YANG HARGANYA RAMAH DI KANTONG 😭 ada yang mulai 10 ribuan ajaa, cocok buat yang lagi hemat 👇🏻",,positif
udah beli segala macem skincare sm obat totol jerawat tapi masi ga sembuh2😭,,netral
"@akun @akun @akun mjb, ada rekomendasi dokter buat saran"" skincare gt?",,positif
"Wajah kusam &amp; beruntusan? 👀 DRW Skincare Exfoliating Complex Toner AHA•BHA•PHA bantu angkat sel kulit mati &amp; bersihkan pori-pori secara lembut. Kulit cerah, halus, glowing ✨ Cocok untuk pemula skincare juga! Order: WA/Shopee (link di bio) 🛍️ #DRWSkincare #SkincareID https://t.co/BLd6EO0tyy",,positif
New post on my blog - Clinique Moisture Surge 100H Auto-Replenishing Hydrator Review: Is It Worth the Hype? - https://t.co/kEi973ATxi #clinique #moisturizer #skincare #SummerSkinCare #ChamberOfBeauty #GlowingSkin #bestmoisturizer https://t.co/eoqO0Znoty,https://chamberofbeautywithra.blogspot.com/2026/06/clinique-moisture-surge-100h-auto.html,positif
"Sebelum checkout skincare, pastiin ini dulu: ✅ Mall/Official Store ✅ Nama toko resmi ✅ Review foto/video ✅ Jangan tergiur harga murah Official store yg sering aku beli udah aku kumpulin di sini 👇 https://t.co/LDY7foH2Or",,positif
"Bisa jadi selama ini, kamu bukannya gak cocok sama skincare-nya… bisa jadi karna produk yg kamu beli ternyata palsu.. Belakangan makin banyak yang bahas soal skincare palsu di e-commerce. Ini yang skrg selalu aku cek sblum checkout 👇 https://t.co/C6YCnaNBRL",,positif
"Kalau ada yang bisa bikin jerawat cepat reda, ngapain nunggu lama? 👀✨ Saatnya andalkan Volcanic Ash Pimple Spot Drying Lotion untuk mengeringkan jerawat lebih cepat &amp; bikin kulit kembali nyaman.💙 Wajib masuk skincare routine kamu. 🛒 https://t.co/YVCrRY8343 https://t.co/y2aoErWLAe",https://shope.ee/6AImWjhf4T,netral
gimana gue mau nemu skincare bagus anjeng ini aja beda sisi muka beda reaksi ajg,,positif
dpt 2 Temukan GARNIER Facial Wash ISI 2 ALL VARIANT 100ML Vitamin C Ceramide Anti Jerawat Skincare Pembersih Wajah sabun cuci muka sabun muka glowing dan memutihkan Bright Complete Sakura Glow Face Wash seharga Rp18.100. Dapatkan sekarang juga di Shopee! https://t.co/MYSN1QsZmo,https://s.shopee.co.id/8V6wP9Q7Ob,positif
"@akun ga papa, basic skincare optional aja. kl udah terbiasa serum dll lanjutin aja kl cocok",,positif
Halloo guys boleh minta bantuan nya? aku butuh 50 responden lagii buat penelitianku... kriteria nya: 1. Anggota komun Ohmybeautybank 2. pernah beli produk skincare (apapun) berdasarkan ulasan/rekomendasi dari komunitas OMBB di sinii ya https://t.co/fFk3JNwpBY,https://forms.gle/dunXaw2MxTEKPXmq9,positif
Whitecret Exfoliating Gel cocok untuk pemula karena tidak terasa perih saat digunakan 🥰🥰 #Whitecret #Skincare #SkincareRoutine #Eksfoliasi #KulitCerah Instagram: whitecretofficial TikTok: https://t.co/BoIzamoQT7,http://whitecret.id,positif
Hallooo guyss aku butuh 50 responden lagii buat penelitianku... kriteria nya: 1. Anggota komun Ohmybeautybank 2. pernah beli produk skincare (apapun) berdasarkan ulasan/rekomendasi dari komunitas OMBB inii ya link kuesioner nyaa 👇🏻 https://t.co/fuh8mHl04J,https://forms.gle/dunXaw2MxTEKPXmq9,positif
"@akun sunscreen penting shin, itu jangan lupa.. basic skincare aja ga usah aneh2. double cleansing, moisturizer, dan sunscreen. uda pake gitu aja dan cari yg cocok kandungannya",,positif
"Kulit yang kurang cerah dan mempunyai masalah hiperpigmentasi seperti noda hitam, melasma dan bekas jerawat solusinya pake produk dengan kandungan cysteamine karena cara kerjanya yaitu dengan menghambat produksi melanin pada kulit #Skincare https://t.co/NEh94JGLJT",https://s.shopee.co.id/9AMAYgDKUh,positif
@akun Kalo stress kayanya iya dech ☹️ Ohh gtu jujur aku pakenya cuman malem aja kalo skincare 😭🙏 kayanya gara kurang ini juga,,netral
✨ Saatnya eksfoliasi dengan cara yang lembut ✨ Whitecret cocok untuk pemula yang baru memulai rutinitas skincare 🥰 🌼 Manfaat: ✨ Mengangkat sel kulit mati ✨ Membuat kulit terasa lebih halus dan lembut ✨ Formula lembut dan nyaman digunakan https://t.co/d4KDedvet0,,positif
"@akun Tonernya di aku agak bikin kering, kalo kurang layering skincare jadi bikin ngelupas, jadi kurang cocok dipake sendiri. Tapi kalo di barengin sama layering skincare yg moist masih ok",,positif
"Aku kira skincare aja yang ngaruh ke jerawat, ternyata sarung bantal juga bisa berpengaruh 😭 Sejak rutin ganti sarung bantal &amp; pakai yang gemes ginii tidur jadi lebih nyaman dan bersih 🩷✨️ https://t.co/BMhansSq0K",,netral
Hyperpigmentation seperti bekas jerawat atau noda hitam terjadi di lapisan kulit yang butuh proses bertahap untuk memudar. Artinya skincare brightening perlu konsistensi. Bukan sekadar dipakai sesekali lalu diganti. Semakin sering gonta-ganti… semakin sulit melihat progres sebenarnya.,,netral
"My current travel skincare pick. Finally, SKIN1004 has a Tone Brightening Travel Kit🤍 Cocok untuk kulit kusam, ukurannya compact, bisa dibawa untuk traveling. https://t.co/8urY1081Zv",,positif
Setiap skincare butuh waktu bekerja di kulit. Masalahnya… banyak orang baru pakai 5 hari → merasa nggak cocok. 7 hari → langsung beli produk lain. 2 minggu → pindah lagi. Padahal proses perubahan pigmentasi kulit nggak bekerja secepat itu. Dan di sinilah kesalahan besar sering terjadi.,,positif
"Banyak orang heran kenapa bekas jerawat atau noda wajah nggak kunjung memudar… padahal skincare yang dipakai terus ganti ke produk baru. Ironisnya, justru kebiasaan ini yang bikin progres sulit terlihat. Dan banyak orang baru sadar setelah tahu mekanismenya. A thread.",,netral
"Kelebihan serum ini gak ada batas usia dalam pemakaiannya, bisa digunakan pagi dan malam hari, aman dilayer dengan tahapan skincare lainnya, dan cocok untuk semua jenis kulit. Teksturnya juga bikin kulit terasa lembut dan lembap banget. https://t.co/QrPtyjcOx6",https://s.shopee.co.id/BRo6pCtP7,positif
PMD Clean Acne Review + 20% Off Discount Code 🧖🏼‍♀️ 💰 | https://t.co/5ckcx4Pqql #pmd #pmdbeauty #skincare #skincaretools #discount #promo #voucher #acne #clearskin #skincaredevice #payday #bblogger #beauty #beautyreview #june #summer #wedding #prom #teen #heatwave https://t.co/W1iiHmrBeG,https://www.astoldbykirsty.co.uk/2023/10/pmd-clean-acne-review-discount-code.html,netral
"waktu cushion abis banget-banget, lalu langsung co cushion 3 merk sekaligus,yg pertama beli refill make over, yg kedua nyoba beli OMG yg kata org-org tuh bagus dan murce, lalu yg ketiga coba cushion nya kak jill yg claimnya udah termasuk skincare di dalamnya, smg ke-2 itu ga zonk",,netral
"lagi bingung banget milih skincare buat kulit berjerawat, udh lama banget kulitnya berjerawat, ada kali 5 tahun, bantu spil dong guys skincare yg bagus, udh bingung banget nih",,positif
"Strategi yang saya pakai (Tips Praktis): Buat konten tips bernilai dulu Contoh: ""5 kesalahan skincare yang bikin jerawat parah"" → di akhir kasih rekomendasi produk lokal + link affiliate.",,positif
"Kategori produk lokal yang paling cocok untuk affiliate: •Skincare &amp; body care herbal (sirih, temulawak, kunyit) •Snack &amp; makanan sehat lokal •Jamu, kopi, &amp; minuman herbal •Fashion batik &amp; aksesoris •Suplemen &amp; produk kesehatan alami",,positif
Pantesan warga X sering banget nge-gatekeep produk ini... Ampuhnya ga ngotak buat ngebunuh bakteri jerawat. Yang lagi acne-prone wajib stok sih sebelum keabisan 👇 #skincare #jerawat #acne #zonauang #racunshopee https://t.co/wDYdEu3gDs,,positif
"Pantesan berseliweran terus di TL, ternyata ini rahasia skin barrier kokoh + bebas jerawat pas liburan kemarin. Mana harganya kantong pelajar pula! Yang mau kembaran klik di sini #skincare #moisturizer #zonauang",,positif
"Padahal outfit udah bagus. Rambut udah rapi. Skincare juga gak pernah skip. Tapi kalau wajah terlalu berminyak, keseluruhan penampilan jadi terasa berbeda.",,positif
"Jujur aja ya, banyak orang fokus ke skincare, parfum, bahkan outfit. Tapi lupa kalau senyum adalah salah satu hal pertama yang dilihat orang saat ngobrol. 😭",,positif
"Kenapa baru sadar sekarang? 😭 Mahal mahal koleksi sheet mask cuma melembabkan tidak berguna, kenapa ga pakai compressed mask trus diisi skincare yang jelas jelas aku cocok dan jelas jelas ada efeknya 😭￼ https://t.co/gzdQFObWtH",,positif
"finally, nemu duo serum yang bikin oily/ acne prone skin-ku jadi glowing🥹🫶🏻 aku lagi sering banget jerawatan, terutama dari komedo. kulit jadi bertekstur dan gampang muncul jerawat gede. udah balik ke basic skincare, tapi ternyata kurang mantep hasilnya (jerawat on off terus) https://t.co/7LyEALseb5",,positif
"Skincare routine untuk bekas jerawat dan pori besar versi low budget. Night Routines, aku post dari senin sampai minggu yaaa #SkincareRoutine #AcneProneSkin #BekasJerawat #SkincareIndonesia #SkincareTips https://t.co/GFBMlje3Hv",,netral
Skincare routine untuk bekas jerawat dan pori besar versi low budget #SkincareRoutine #AcneProneSkin #BekasJerawat #SkincareIndonesia #SkincareTips https://t.co/FNH3MUrqER,,netral
"@akun @akun Sekali doang itu 850rb untuk beli skincare dari dokter karena dulu mukaku tuh tipe jerawat batu gitu kan, trus sekitar 1 - 2 bulan lumayan memudar, pas krim nya abis aku cuma facial sama make skincare erha doang",,positif
"pouch yang satu ini kecil-kecil cabe rawit 🫶 muat banyak, bahannya bagus, dan cocok buat makeup, skincare, sampai alat tulis. wajib cek sebelum kehabisan! a thread #shopeeaffiliate #zonauang https://t.co/C4pySK0JS5",,positif
PMD Beauty Wave Pro Review + 20% Off Discount Code ✨ | https://t.co/skeHwE0uXX #bblogger #beauty #skincare #skincaretools #pmd #discount #promo #moneysaving #coupon #wedding #weddingprep #vacation #teen #teenskin #acne #blackheads #june #payday #heatwave https://t.co/i7bnOVNYlt,https://www.astoldbykirsty.co.uk/2023/10/pmd-beauty-wave-pro-review-discount-code.html,netral
"Di bawah dagu lagi panen jerawat, keknya karna hormon. Ada rekomendasi skincare ga☹️ https://t.co/oyGihdPgYg",,positif
"Jujur, nemu cushion yang rasa pakainya kayak second skin itu susah! Glad2Glow ini juara banget, coverage-nya tinggi tapi tetep ringan dan nggak bikin patchy. Yang paling aku suka, dia udah skincare-infused jadi makeup sambil merawat kulit. https://t.co/NdZJPIYNrT",,positif
"Ini alasan kenapa aku selalu pilih travel kit.. Aku baru sadar gak semua skincare harus langsung beli ukuran full. Sekarang aku lebih suka mulai dari travel kit, kalau cocok baru lanjut full size, kalau gak cocok ya gak terlalu sayang. Cara ini lumayan nyelamatin dompet juga😂",,positif
"Abis repurchase cosrx, dompet langsung menyala di akhir bulan 😭 udah nyoba skincare lokal macem-macem nggak ada yang cocok, giliran yang mahal baru cocok. Sialan emang😭😭",,positif
@akun Bagus bes! jangan sampe ikut libur skincare nya🤝✨,,positif
cinta bgt sama resep lip ombre wardah glasting no.10+12!! ✨ tp menurut kalian looknya better agak pucet kyk pict pertama atau lebih terang kayak pict 3???🧐 #beautyenthusiast #review #wardahglasting #lipproduct #makeup https://t.co/YUUXOzelje,,positif
"ga expect foto before-after ini berani aku post. dulu tiap lihat gallery isinya cuma progress breakout. after berbulan-bulan trial &amp; error, akhirnya nemu basic skincare yg cocok buat kulit oily-combination acne-prone aku. sharing di bawah siapa tau cocok juga https://t.co/SZu1AIsmnl",,positif
guys saranin skincare apa yg manjur buat bekas jerawat plsss😔,,netral
"detail telinga kelincinya bikin phone holder ini keliatan makin lucu dan aesthetic 🐰🤍 selain bikin meja lebih gemes, phone holder ini juga cocok banget buat nemenin kalian makeup, skincare, atau belajar✨ https://t.co/tX7MYP1d1r",https://s.shopee.co.id/9zvixki9Lh,positif
"Gausah bingung cari lip serum yang gacor, nih aku rekomendasiin buat kamu💄✨️ Cek harganya yuk 👇 https://t.co/l3lOgPm4lo https://t.co/ZjPaGGlOad #lipserum #racuntiktok #racunshopee #skincare #rekomendasi https://t.co/FxpgSWpi4h","https://vt.tokopedia.com/t/ZS96aEv1DkVbP-JYjeG/, https://s.shopee.co.id/2LWHldGUY3",positif
"@akun Akuuuu minvooo, hari pertama pakai refining exfo, hari kedua refining retinol, hari ketiga dan empat aku pakai basic skincare aja yg fokus ngelembapin. Sejauh ini di kulit enak bruntusan, closed comedo berkurang banget. Udah gitu ga jerawat lagi kecuali menjelang haid",,positif
"Jujur aja nih, pesona kamu tuh nyegerin banget ibarat abis pake skincare andalan di malam hari, ayo dong mutualan hati, siapa tau besok udah berani panggil sayang.",,netral
"👩🏻: “Aku pake moist inii, murah kokk. Kamu pake apa biasanya?” 👦🏻: “Aku cuma sabun ama moist sih kaa.” 👩🏻: “iya merk apa?” 👦🏻: “bentar…” *send pic 📷: cosrx sama la roche posay 👩🏻: “………….hmmm itu ga cocok kah?” skincare ku aja 30rban, agak iri yh ak 😭",,positif
"kotor banget😭, pantas jerawat punggung gak sembuh2 gak nyangka bakal sekotor ini mesin cucinya.. jgn salahin skincare kalian kalo gak maksimal, bisa jadi penyebabnya dr mesin cuci… https://t.co/JKrVUIrrL7",,netral
"@akun SOALNYA CANTIK BANGET, kayaknya yang lain juga sepakat deh sama aku? Eh tapi cocok nih videonya buat iklan kayak skincare gitu. Langsung keinget innisfree HAHAHA.",,positif
"@akun Skincare ga siii, skincare korea bagus bagus",,positif
Nemu Flatshoes model ballerina speedcat yg modelnya ga pasaran LUCU BANGETT😭💗💗🫶🏻 https://t.co/KmDUfl9TkI,,netral
"☀️ Sunscreen sticks are having a major moment — and for good reason. Quick to apply, mess-free, and perfect for topping up SPF on the go. But which one comes out on top? Read the review 👇 https://t.co/uE9PuJP2fe #Skincare #SPF #Sunscreen #BeautyTips #SummerBeauty",https://www.flyingeze.com/tried-best-sunscreen-stick,positif
"@akun Gatau kak Padahal skincare gak ganti, kebiasaan juga sama.. Tp tiap habis makan kacang selalu tumbuh jerawat, trus sekarang jerawatku banyak dan meradang kak Mbok obatin apa kak kalo boleh tau? Share dong Karena aku, jujurly jarang berjerawat",,positif
"pernah lewat di fyp gw kl period poverty ini masi byk bgt kejadiannya. menurut gw bener bgt makin ke sini harga pembalut makin mahal. udh gitu pembalut udh kek skincare, cocok²an. ada yang cocok pake brand A yang murah, ada yang cocoknya pake brand B yang mahal dikit—",,positif
"kulitku cocok pake skincare drugstore. wah ini aku juga baru baru ini menyadarinya juga. krn sudah keseringan pake skincare korea, aku sempat khawatir kalau pindah ke skincare lain akan jerawatan dll. Alhamdulillah enggaa.. skrg jd pake skincare drugstore buat maintenance kulit",,positif
"Hubungan Emosi dan Kecantikan Pernah gak kamu merasa saat sedang stres, kulit tiba-tiba kusam, muncul jerawat, atau terlihat lebih lelah? Nah Ternyata, emosi dan kecantikan saling berhubungan. Ketika kita mengalami stres berkepanjangan, tubuh melepaskan hormon kortisol yang dapat memengaruhi kondisi kulit dan tubuh. Akibatnya: ■ Kulit menjadi lebih sensitif ■ Jerawat lebih mudah muncul ■ Kulit terlihat kusam dan lelah ■ Tidur menjadi tidak berkualitas ■ Rambut lebih mudah rontok Karena itu, merawat diri tidak cukup hanya dengan skincare. Kulit yang sehat juga membutuhkan: 🌿 Pikiran yang lebih tenang 🌿 Tidur yang cukup 🌿 Mengelola emosi dengan baik 🌿 Waktu untuk beristirahat 🌿 Melakukan hal-hal yang membuat hati bahagia. Karena menjadi cantik bukan hanya tentang apa yang kamu aplikasikan ke wajah. Tetapi juga tentang bagaimana kamu memperlakukan dirimu sendiri setiap hari.",,positif
"@akun kalo bisa balik ke basic skincare dlu aja kaa kyk pake moist rutin dlu, rekomendasi si dr yg pelajar firendly ada g2g kandungan ceramide tuh yg ungu klo centella yg bening tutup ijo, sama dr omg ada yg ceramide + panthenol, nah kalo yg lbh mahal ada dr skintific biru",,positif
REKOMENDASI PAKETAN / BUNDLE SKINCARE / MAKE UP 💄💕💓❣️ https://t.co/niQJJmXu7I,,positif
"19. Gue suka makeup tapi lebih suka skincare an, karena menurut gue kalo muka bersih ya hasil makeup bakal lebih bagus #prinsip",,positif
"@akun memacu dermatitis kontak pasti TAPI hanya beberapa orang yang kulitnya sensitif, ya sama aja beberapa orang bisa pakai produk skincare A beberapa orang gak cocok cenderung bikin ruam. jangan terlalu dijadikan patokan, bahas secara ilmiah.",,positif
"1. Selesai mandi, pakai skincare rekomendasi Haechan. Parfumnya juga pakai yang Haechan share terakhir. https://t.co/tUVioeSjxp",,positif
LO GA BUTUH LEBIH BANYAK SKINCARE. LO BUTUH NYEMBUHIN PCOS. 1. Jerawat batu di rahang yang ga pernah absen tiap bulan,,netral
"@akun ih parah banget ya kalau lagi sakit jadi males skincare, tapi kalau jerawat udah muncul aku biasanya pake Benzolac biar cepet kempes https://t.co/wgJdOcHFp0",https://s.shopee.co.id/9Kg0oc9U7t,negatif
"REVIEW JUJUR Muka gua bersihan pake ini, baru pemakaian botol pertama, tapi hasilnya udah mencerahkan sedikit, dan bekas jerawat gua pudarrrrrr woiii gokil gasih #zonauang #skincare https://t.co/xmk8l6alDO",,positif
"Benerrr, gue mau nyari rekomendasi skincare aja sekalinya muncul affiliate semuaaa",,positif
"Alpha Arbutin! Kalau yang bikin kesel bekas jerawat hitam (PIH) yang nggak ilang-ilang, kalian bisa cari skincare yang mengandung Alpha Arbutin. Kalau mau coba, Avoskin YSB Alpha Arbutin Serum juga enak karena gampang di-layer dengan skincare lain, jadi fleksibel buat dipakai di berbagai routine ☺️",,netral
"TOP 3 INGREDIENTS SKINCARE BIKIN KULIT CERAH Kalau masih struggle sama kulit kusam atau bekas jerawat yang susah pudar, 3 ingredients ini wajib kamu coba! https://t.co/dpfq5wwsE7",,positif
"ga skincare an selama sakit, muka langsung muncul jerawat 4 biji wkwk",,netral
Sekarang twitter search jelek banget ya??? Susah banget mau nyari satu keyword aja pun???,,negatif
"VOUCHER HALODOC TERBARU !! ✅ HLDXCX7TE Chat dokter umum dan spesialis ✅ HLDXOHTXA Beli obat, vitamin ✅ HLDXH5C5L Homecare tes lab, bidan ke rumah ✅ HLDXS1FC6 Skincare haloskin anti jerawat ✅ HLDXF57BE Paket diet halofit #zonauang #zonajajan",,positif
@akun @akun nih ges yg butuh rekomendasi skincare,,positif
"Dan jujur, gw ngerti. Cantik itu bukan cuma muka, bro. Tapi attitude, style, vibe, semua nyatu jadi satu paket bernama: Gw. Gak semua orang bisa punya itu. Gw bangun tidur aja, muka udah kayak iklan skincare. Belum cuci muka, belum gosok gigi, tapi aura good looking udah nembus",,positif
"@akun scora pink bup. dulu muka gua banyak bruntusan &amp; jerawat. sekarang udah better banget karena pake fw ini, btw di bantu sama skincare kandungan centella lain nya jugaa lup lup",,netral
"beneran sengaruh itu d3+zinc plus tiap hari, rambut rontok gw berkurang banget da jerawat tiap mens cepet bgt meletusnya dan ilang (pakai skincare fokus acne juga sih)",,positif
"Jerawat meradang bikin insecure ? Ini wajib banget jd skincare routine kamu. Intouface shouting cream. Membantu meredaka jerawat, kemerahan dan samarkan bekas jerawat. Kulit jd lebih tenang dan sehat. Harga mulai 30 ribuan aja, sudah BPOM..",,netral
"@akun Jujur tiap aku mau beli buku pasti ditawarin sama ortu ku dulu, kalau mau beli buku pake uang bapak aja uang mu buat beli apa kek skincare atau baju😭😭👍👍",,netral
udah dermatologically tested dan aslii bener2 happy nemuin facial wash yang gentle bisa bantu ngurangin bakteri jerawat yang se GERCEP ini🫵🏻😇 kalo lagi bruntus atau acne hormonal gini tinggal lanjut pake basic skincare deyy! https://t.co/F4AIJx2f4s,,netral
"Loakjends! kalau skincare ini aku jual lebih murah dari harga pasaran pada mau gak? 🥹✨ Masih baru &amp; segel semua yaa. Jujur skincare numpuk banget 😭 Daripada keburu expired, kepikiran mau aku jual murah. Kalau minat, komen yaa! Nanti aku upload list produknya. https://t.co/EPLsMwfQVf",,netral
"WANT TO SALE PRELOVED MOP GWS BERRYPHORIA 💸60k 🚚shopee freeong bisa COD daerah pasming sekitarnya pemakaian bersih yaa, warnanya cakeupp wtb wts rekomendasi lip gloss matte velvet tint lipstick makeup skincare lippies jkt jakarta mother of pearl #zonauang #Zonajajan #zonaBU https://t.co/LbyrQ9tMTi",,positif
"JUJUR YAA, STOP DEH BELI SKINCARE INI‼️ 1. Facial Wash : Cetaphil 2. Cleansing Oil : Centella 3. Spray Serum : D’Alba 4. Moisturizer : La Roche Posay 5. Sunscreen : Centella￼",,netral
"@akun Rajin exfo, pakai retinol, dan ga pernah males buat skincare an nder. Ini ada rekomendasi basic skincare yg beneran ampuh buat biki wajah cerah. Wajahku aja dl belang kusam gt sekarang udh cerah mulus shinning shimmering splendid ✨ https://t.co/zon8ICFbXZ",https://x.com/eskacanghijaauu/status/2045149401036005639?s=46,positif
"@akun kurangi upf, gula, gorengan, tepung2an. byk minum air putih. sering ganti sarung bantal &amp; handuk. basic skincare. pilih sunscreen yg cocok (salah pilih bikin jerawat muncul/parah). bisa ke dokter buat tau st/skincare yg cocok. acne spot bisa pake adara extra/benzolac",,positif
"Untuk traveling, menyimpan cosmetics, skincare, charger dll https://t.co/w47zZ2S0R0 Rekomendasi 1000/10 https://t.co/21paQf6DuI",https://s.shopee.co.id/50X06Z4xUf,positif
jujur baru tau inez punya skincare 🥲,,netral
"Punya keluhan masalah kulit, coba pakai paket Haloskin Lab by halodoc. Dapatkan Gratis Ongkir Rp22.000 untuk pembelian paket Haloskin Lab 🔗 Gunakan link ini: https://t.co/5Y4pRt0dKQ 🎟 Kode Kupon: HLDXSCB0K #skincare #jerawat #racunx #zonajajan",https://halodoc.onelink.me/cQvV/xdan1fj4,netral
Stop skip moisturizer ya guys! Jujur aja aku sering skip &amp; efeknya skin barrier jadi rewel bgt🥹 Akhirnya skrng lagi balik ke basic skincare &amp; lg suka pakai Ceraboost moistnya Trueve ini and it’s a game changer! ✨ https://t.co/srkucyg9N7,,positif
my skin has been loving this combo lately oily skin friendly moisturizer kadang skincare yang bagus itu justru yang ga kerasa dipake 👀✨ https://t.co/uVmPR60JJ7,,positif
"@akun kakk jujur aku dl pake banyak bgt skincare tpi ga sembuh-sembuh, terus giliran aku cma pake moist glowsophy sama sunscreen Emina malahh memudarrrrr wkwkw",,netral
"@akun aku pernah karna makanan,hormon mau red day, sama stress sihhh biasanya nahh yg aku lakuin kurangin makanan pemicu jerawat, sama pake bassic skincare aja sih double cleansing,sunscreen dan moiz aja kadang pake seetmask klo mau tidur samaa satu lagi less makeup biar kulitnya nafas",,netral
"tpi pembalut itu seharusnya gratis kak setidaknya utk kelompok perempuan tertentu dan wajib harganya murah, bnyak perempuan yg terpaksa beli produk ga jelas dan bisa berbahaya buat kesehatannya hanya karna harganya murah. dan ini bukan berarti aku against program kondom gratis.",,positif
@akun kalau skincare aku fw : emina yang hijau untuk jerawat toner : yang hatomugi kuromi moist : emina yang hijau tutup biru serum : hanasui warna ungu sunscreen : wardah acne,,netral
Noda hitam bekas jerawat bandel? 😮‍💨 Coba BIOAQUA 377 DARK SPOT SET Isi 4: Cleanser + Toner + Serum + Cream Ada 5% Niacinamide buat samarin flek 1 set = skincare pagi malam beres Link: https://t.co/23gEUmmcCq #bioaqua #darkspot #skincareindonesia #flekhitam #niacinamide https://t.co/LzpRHQJql2,https://s.shopee.co.id/3g1cDUwCxW,netral
"@akun Kalau kamu mau nanya rekomendasi, bingung bikin routine, pengen nyocokin produk, atau cuma pengen ngobrol random soal makeup and skincare, PLEASE DO. I promise I (WE, ACTUALLY) won't get bored in fact, I'll probably get even more excited than you, hehe. Aku sudah berusia 23+ -",,positif
#racunshopee #rekomendasi #skincare,,positif
"Fakta yang sering diabaikan: Jerawat gak selalu datang karena hormon atau makanan. Kadang pemicunya justru dari kebiasaan skincare setelah aktivitas panjang. Terutama ketika minyak, kotoran, dan bakteri terlalu lama menempel di kulit. Dan ini sering dianggap sepele.",,netral
"@akun kak, kebetulan skintypeku juga oily. aku pake rangkaian skincare salah satunya serum vitamin c ini ya. bisa buat ngilangin bekas jerawat tapi pakenya memang harus rajin biar keliatan hasilnya",,netral
"@akun hai, Minez disini🙋‍♀️ jujur siapa yang baru tau kalo Inez punya skincare juga?",,netral
"haii kak, boleh rekomen krim atau skincare apapun yang bisa buat hilangin bekas jerawat? huhu aku stress bgt, in this econo… — hi sayangku, seperti di question sebelumnya, aku belum pernah bermasalah dengan jerawat TAPIII aku udah nanya sama beberapa … https://t.co/rh4ULb2Ufx",https://alterspring.org/@lunedelavie/a/116815161308171341,netral
Review Skintific 5X Ceramide Barrier Repair Moisture Gel ⭐4.5/5 https://t.co/aWUw0kSsbR https://t.co/t4IcigcEYX,https://s.shopee.co.id/6L2Mmam4mI,netral
"@akun Eh skintint Wardah yang pink itu bagus g ya kak, sama cushion Wardah lite. Butuh review dong, soalle ak nyari yang murah juga in this economy",,positif
"💚 Guys saranin cushion untuk kulit kuning langsat gini dong, aku udh pake wardah 22 ligh ivory tp kuning bgt kya dfoto, nyatu ke kulit kaya gapake bedak. Jd aku pengen stingkat lebih cerah, boleh merk apapun, pliss butuh review jujur https://t.co/MBbYnSlYvl",,positif
aku dah tak percaya kalau troy ling review g2g or skintific products sorry girl,,netral
"@akun Skintint yg baru aku coba ini seamakeup cakep banget, review jujur asli mah, kalo mau cushion aku pake somethinc yg cover blur ya bagus ini full coverage tapi masih ringan , gak longsor semua, aku oily btw",,positif
review singkat somethinc ceraplump shade cherry cantik banget buat inner ombreeeee!!!!!! https://t.co/cvYYMcKRbb,,netral
"── REKOMENDASI SKINCARE ── ꢾ୧. aku sedikit share dan review skincare yang aku pakai dan urutannya yaps, skin stype aku normal to dry iaa! &lt;33 - a thread https://t.co/MeAQbKpCjX",,positif
‼️UPDATE VOUCHER HALODOC JUNI 2026‼️ Aktif mulai 16 Juni 2026 Chat dokter 🎟️ HLDXCX7TE Beli obat 🎟️ HLDXOHTXA Homecare 🎟️ HLDXH5C5L Haloskin 🎟️ HLDXS1FC6 Halofit 🎟️ HLDXF57BE #zonauang #zonajajan https://t.co/YtV9Bwm2vg,,positif
VOUCHER PROMO HALODOC Berlaku mulai tanggal 16 JUNI 2026 Chat dokter 🎫 HLDXCV40L Beli obat 🎫 HLDXOAJ2S Homecare 🎫 HLDXHDBAF Haloskin 🎫 HLDXSN7EK Halofit 🎫 HLDXFDSAF #zonauang #zonajajan https://t.co/cc0ykRZMVi,,positif
"Voucher Diskon Halodoc Juni 26🔥 (16-30 June 2026) 🎟️ HLDXC5K6D 💬 chat dokter SpKK,Obgyn,Psikolog,Gizi 🎟️ HLDXOA72M 💊obat,vitamin 🎟️ HLDXHQUHD 💉Homecare vaksin,MCU,Lab 🎟️ HLDXSBX0X 🧴 Haloskin utk jerawat 🎟️ HLDXFSHW7 🦾 Halofit utk program diet #zonauang #zonajajan️️ https://t.co/yDHwFp5mOT",,positif
"@akun Klo review aku sbagai yg pernah pake keduanya, bkn msalah pmula kadang tp k cocok atau ga. Kulit aku oily acne prone. Wardah : tekstur ringan, coverage bagus, ga bs blind shade, rentan oksidasi, d aku malah nmbah jrawatan. Pixy : coverage oke, jarang gagal makeup klo pk pixy, -",,positif
PRODUK SKINCARE YG LAGI AKU PAKE!!! Facewash : Kahf Micellar Water : Wardah Toner : Finally Found You Serum brightening : Farmstay dan Minimalist Serum Retinal : Wardah Serum Eksfoliasi : Avess Moisturizer : Labore dan Embryolisse Sunscreen : Labore dan Kahf Tretinoin : Vitacid Kalau kalian ada pertanyaan seputar skincare atau minta review produknya komen aja.. 🐻✨ Kalau kalian pake skincare apa aja???,,netral
🥹 aku cuma mau cari sunscreen buat kulit berminyak... tapi kenapa ujung-ujungnya malah nonton review sunscreen 1 jam? 😭 — a thread sunscreen yang direkomendasiin buat kulit berminyak — 1. Skintific All Day Light Sunscreen Mist https://t.co/j1ReNFxpMz,https://s.shopee.co.id/2qS1m0xgva,positif
[bb] steel/iron mascara mending bnb atau wardah yaaaa? boleh review dan rekomendasinya dong guys!!!,,positif
"Brand Lokalan Khusus FlatShoes Murah OOTD.. Cuma 50k an aja gess,mumpung promo buruan serbu cocok buat nongkrong,kerja,kuliah... Toko khusus Barang Murmer tapi kualitas mantap ✨ A thread 🧵 https://t.co/xAnWdKlcsJ",,positif
3. 💗 Skintific Cushion aku yakin hampir semua beauty girl pernah lihat cushion ini 😭 review-nya ada di mana-mana. yang paling sering aku lihat: ✨ coverage bagus ✨ gampang diblend ✨ bikin complexion keliatan lebih halus https://t.co/OlvgwVv1E0,https://s.shopee.co.id/3B4ioxHm5Z,positif
P airjung review skintific foundation of polcasan so cute 🥰 Newwiee cousin is supportive https://t.co/P5Op34yvl4,,netral
[Bb] Ada yg pake tinted sa wardah ga? Review jujurnya dong gurl. Buat kulit kering dipake di ruangan ac seharian aman ga ya,,netral
"KALO SEKARANG PAKAI SKINCARE APA AJA? Pakai basic Labore mengubah hidupku bgt😭🫰🏻 ngatasin jerawat, kemerahan, bruntusan OKE BGT The originote : https://t.co/GzeFxuiJiM Fw cosrx : https://t.co/DR953jq0KP Labore : https://t.co/euSVJWWxSP SS Azarine : https://t.co/uVbW0dSAVQ https://t.co/BhP3FMd3UP","https://s.shopee.co.id/gN6tNpO7n, https://s.shopee.co.id/9UyVPf8MqW, https://s.shopee.co.id/6VKtqDWTId, https://s.shopee.co.id/1BJNUS5z88",positif
"@akun ini aku sempet ss. ga bisa kasih review. pernah pake glasting wardah tapi neda warna, aku aman aja si pake glasting https://t.co/2GrrhDT6bp",,netral
@akun bnb aku pake ini yang roll to lenght (menurutku iya bikin kesan makin panjang) https://t.co/1eECHe6Os9 klo bnb yang bikin bervolume aku pake yg pink: https://t.co/MV2WnYS6kM tp td baca bbrp review ada yg blg ini wardah jg waterproof: https://t.co/PxSlirMgqv https://t.co/wg8DPk5nQ2,"https://s.shopee.co.id/7VCyESsMDv, https://s.shopee.co.id/LjnhcOgxN, https://s.shopee.co.id/3LNPH3kMcR",netral
GONG BANGET PAKE SERUM INI !! !! Baru sebulan pake ga nyangka se ngefek ini. Banyak banget yang notice kok cerahan sih pake apa??!!!✨✨ Ga bakal capek aku rekomendasiin buat kalian yg ada problem dark spot dan noda hitam buat cobain 👌🏻👌🏻 https://t.co/dZmHOKyxn7,,positif
"@akun Glasting. Glazed. Pokoknya yg glossy glossy ini. Klo ga biasa EMG berat. Tapi klo glossy nya ilang stainnya ada bgt. Jadi ky lip matte. Ini sgt awet. Tidak perlu touch up berulang.... AKU REVIEW BETULAN LHO INI ..... Klo ada budget pke make over. Klo yg agak murah, Wardah.",,positif
"{MU} review cushion ini ding guys bagusan yg ijo apa ungu? + sebut tipe kulit kalian. Aku pake wardah shade c21, dear me c01. Kalo ini ambil shade apa ya? https://t.co/N5OXuwetKk",,positif
review pemakaian aku sendiri ya aja &amp; finishnya. skin type: normal to dry.. 🔗https://t.co/pr0pQCuFRv charlotte - somethinc 🔗https://t.co/b2yQqI51nB happy - joylab 🔗https://t.co/fEj2U9OlYJ ffy 🔗https://t.co/dQmJivdeAM fair 1 - wardah ku review singkat yaa⤵️,"http://s.shopee.co.id/40YA1X48Iw, http://s.shopee.co.id/8UtI1Eeoyn, http://s.shopee.co.id/3VdsF02HuZ, http://s.shopee.co.id/7KhmdicERG",netral
Wardah punya parfum 50ribuan yg wanginya enak2 &amp; cocok buat daily! Pantes pas Xaviera di Korea sampe ada yg nanyain parfumnya… Sini aku review varian yg aku punya 👇 https://t.co/OsWdU8JdLb,,positif
"baru liat review di tiktok, jadi makin penasaran sama Wardah Staylock katanya lip cream intense, smoother intense matte tapi tetep ringan &amp; moist-grip di bibir, warnanya juga cakep-cakep banget https://t.co/B9nyFlYwEG",,positif
"ada pernah nyobain lip vinyl omg, dazzle me, wardah, sama pixy ga?? tolong kasih review jujur nya plsss.. thank youu 💚",,netral
@akun nyimak review wardah,,netral
"Manifesting kulit sehat, cerah terawat dg basic skincare by Natasha. Sekarang udah engga perlu lg antre di kliniknya. Semua produk skincarenya sudah bisa dibeli di toko oren ✨ https://t.co/byaelEotZH",,positif
🐻‍❄️ Day 4 - upload video di X Wardah - Colorfit Cream Blush (04 Ethereal Rose) Kayanya udah pada bosen aku review blush on ini wkwkwk. Tapi bener deh cakep banget warnanya! Formulanya juga oke dipakai after complexion ga bakal patchy Checkout di sini! 🛒: https://t.co/PcT0yDCvAM,https://s.shopee.co.id/9AKl77WRwu,positif
Dari Wardah aku jadi tau kalau ada istilah Sunscreen Language 🥹 biar gak asal fomo beli sunscreen lagi.. Untung sekarang ada si Sunscreen Collagen ini! 😍 cocok bgt buat repair skin barrier Soon aku review 🫶 #WardahSunscreen #SunscreenLanguageWardah #SunscreenKerangWardah https://t.co/b9c1SAV5dT,,positif
🐻‍❄️ Day 3 - upload video di X Moicare - Hair Treatment Shampoo Shampoo ini bantu kurangi rontok dan melebatkan rambut. Dipakainya seger banget di kulit kepala! Aman juga buat bumil &amp; busui. Checkout di sini ya! 🛒: https://t.co/rsd9Qshp93 https://t.co/2BSvRsT1da,https://s.shopee.co.id/9ztpy1Swbv,positif
"[bb] guys mau nanya BANGET nih. aku kan kemaren baru beyi makeup, trs blm punya loose powderr (baru tau kl ini penting) aku liat"" banyak yg nyebut loose powder somethinc &amp; reka, boleh share honest review di skin type kalian? timaaciii🩷🩷🩷🩷",,netral
"{mu} Ada yg pernah cobain produk Wardah yg ini ga? Sender lagi nyari2 produk yg pas buat anti-aging dan mulai consider buat nyoba ini, tp masih ragu. 𝑨ffiliate minggir dulu ya, butuh review jujur 🫶 https://t.co/7klYb7zjLj",,netral
Guys ada yang mau review Wardah Light+? hit my DM for folls 5k+,,netral
"{mu} guys mau nanya, tipkul ku oily acne prone, mending skintint g2g atau skintific yah? Sekalian minta honest review nya dong hehe, makasiii",,netral
"2 brand lokal, 1 bibir: Wardah vs OMG lip product review 💄✨ Iseng cobain lip product dari Wardah &amp; OMG… ternyata hasilnya beda vibes banget di bibirku 👀💄 Mini review jujur versi aku https://t.co/MywGsnRYSq",,positif
"hi guys, adakah yang pernah pakai sunscreen wardah yang ini? boleh bantu review nggak ya? thank you! https://t.co/hbhvJWFDSt",,netral
"my spray serum collection so far.🌷 wardah, muaq, trueve, studio tropik &amp; glad2glow. here the review &amp; rating. ꉂ(˵˃ ᗜ ˂˵) https://t.co/eAl8BuFIav",,netral
"ga nyangka tiba” udh sebanyak ini aja, aslinya udh bnyak yg dibuang si ini😭🥲 rekomen facial wash gentle/sabun cuci muka buat kalian yg punya kulit oily dan gampang jerawatan, plis ini facewash underrated banget pdhal hasilnya okee bangett🥺‼️dan harga nya under 100rb 😭😭🙏🏻 https://t.co/hmUXUW42c6",,positif
"Oyi rek, ada yg perna make skintific warna biru yg buat jerawat, review jujur nya dong klo ada",,netral
"وردة المنهالي، وروضة المرزوقي، الباحثتان في «تريندز»، تستعرضان أبرز المحاور والمناقشات التي تركزت حولها جلسات حوار «تريندز» الإستراتيجي، إلى جانب التوصيات والمخرجات التي قدمها الخبراء والمتخصصون حول الحرب في الشرق الأوسط وتداعياتها الإقليمية والدولية ومآلاتها المستقبلية. - Wardah Al Menhali and Rawdha AlMarzouqi, researchers at TRENDS, review the key themes and discussions highlighted during the TRENDS Strategic Dialogue sessions, as well as the main recommendations and outcomes presented by experts and specialists regarding the war in the Middle East, its regional and international implications, and its future trajectories.",,netral
"CUSHION TERBAIK AWAL TAHUN JATUH KE WARDAH LITE SKIN CUSHION💫 yeyy akhirnya nemu cushion yg cocok di kulit keringku ini😭😭 gw pake seharian kuliah jg oke si minim bgt oksidasi dan yg terpenting ini udah ada refillnya jg, kecintaan bgt!! kalian ada yg pake jg ga? review dong🙌 https://t.co/17vKI5grxe",,positif
"Best cushion: 💌 https://t.co/uifOQ1TzjD Kalo tahun 2024 juara cushion aku si Wardah Colorfit yang warna hijau, 2025 giliran si cream ini yg menang. Jujur suka bgt soalnya ini pas diaplikasikan ke muka berasa tipiiiiis bgt, tapi tetep definisi cushion yg coverage-nya darderdor sekaligus ringan dan kulit tetep bisa bernapas. Darderdor di sini maksudnya medium to high coverage yaah😆 pokoknya bisa fits both ur daily and bold makeup look🤍 Sobat dry skin kayak aku pasti bakal demen sama cushion ini karena finish-nya glowy. Di kulit jg gak berasa kering/ketarik, bahkan lumayan lembap (terhidrasi) soalnya ada kandungan skincare-nya. Aku pake shade 33W Olive Beige yah! Full review:","https://s.shopee.co.id/6VIrxHcTSN, https://s.shopee.co.id/6VIrxHcTSN",positif
"@akun Dari somethinc ka yang lipglazed varian unreal, review pribadi warnanya bagus bgt di bibir, kalo dipake di bibir ku si ga kering dan ga bikin pecah2. Patut dicoba😉 https://t.co/wZDV9RDHm2 https://t.co/nNDAiFyBMr",https://s.shopee.co.id/6pvbbkY5fd,positif
"-ning ada yg pernah ikutan beauty class Wardah ga? Bingung mau ikut tapi bimbang, pengen iya pengen gak, worth ga sih? Yg udah pernah, review dong. Kebetulan kali ini 200k, dpt voucher produknya 175",,positif
"Review jujur penggunaan 3 cushion yakni skintific, tirtir, somethinc selama beberapa minggu. ST: combi oily Skin concern: hyperpigmentation (PIH), hormonal acne, oily t-zone Expectation: minimum oxidation, medium to full coverage, long lasting https://t.co/ofyDdtdTGo",,netral
gess wardah glossicle tinted lip balm bagusss ga yaaaa? Review dungs yang pernah pakeee. Tengkyuuu {mu},,positif
"banyak yg review sunscreen wardah, penasaran bgt",,netral
"This is your sign to trust the process🤍 Lagi konsisten pakai basic skincare akhir akhir ini. No ribet, no overstep — fokus jaga kulit biar tenang dulu, and honestly... it works. The Product my skin now✨ https://t.co/1xlqRAsIUS",,positif
"Anak FH yg mau aku review CV ny bisa dm aja yaa. Cv aku kmrn dah tembus di Astra, garuda food, Mandiri, BNI, Skintific, n masi banyak lagii (free kok oll)",,positif
"sini gue aja yg review😊😊😊 free kok😚😚😚 cv gue udh tembus astra, paragon, kpmg, pwc, garudafood, p&amp;g, MAP, dan google. kalo lo nanya gue kerja dimana, di yg paling pertama yah🫶 rep aku nanti ku dm duluan❤️",,positif
"@akun Honest review agak kureng tapi oily glownya bisa dibicaran kalau sesama paragon mending make over meskiiun agak tebel dikit , kalau wardah grindil tengah kurang suka juga 😔🙏🏻",,positif
"@akun ini personal review dr aku buat deinfluence km ya kak: 1. wardah: oksidasi bgt terus terlalu creamyy, shadenya jg tricky 2. rad: oksidasi dikitt, dan comedogenic, kebetulan boikot jg 3. pixy: paling nyaman soalnya ringan tapi oksidasinya lumayan jg kaya wortel 🥲",,positif
"@akun review jujur, wardah ijo ini mantep bgt si, kulitku oily parah udh berbagai merk tetep kusam eh taunya pas iseng nyoba ini mantep bgt, minusnya ga toneup si https://t.co/m5OD6R1Hp0",,negatif
"@akun review jujur dr aku yg tipkulnya combi kak 1. you di aku oksidasi parah, tp finishnya oke bgttttt 2. dazzleme longsorrrrr bgttt nangiddddd😭😭☝🏻☝🏻. kek dipake 3 jam uda longsorr.. 3. somethinc BAGUSS POLL di aku, flawless bgt tp mukaku sensitif pake itu, jadi bruntusan di dahiii",,positif
"💞 Sebelum ku review, ini imo tergantung skintype paling bagus yang mana: 1. Azloe : oily https://t.co/EUR5QisphW 2. Somethinc : dry https://t.co/uEqYTZCDvk 3. Facetology : oily https://t.co/XStGUWt9Wl 4. Glamazing : all skin type https://t.co/cG3m64eapd https://t.co/DrV8ODqSP2","https://s.shopee.co.id/9KbYbGQ4xO, https://s.shopee.co.id/6VHNE5MNR6, http://s.shopee.co.id/6Kxx15EOac, http://s.shopee.co.id/AUnVz6KVtC, https://x.com/i/status/2008111937574584755",positif
Currently I often use skintint or tinted sunscreen for daily🌻 https://t.co/4mK3mFY5KR,,netral
Buat skrg aku lg seringnya pake conplexion dr wardah colorfit yg 21W. Anw best cushion yg ak pake buat 2025 adalah si wardah ini &amp; cushion judydoll full review bs dilihat di sini ya https://t.co/qZxU9qHjCU https://t.co/anMN7J6Pia,"https://x.com/yourmalv/status/1965621573370671285?s=46, https://x.com/yourmalv/status/2004068889026765157?s=46",netral
"rate and review my MUTED LIPPIES collection from local brand. ( ˶ˆ꒳ˆ˵ ) make over, wardah and kula.🌷💗 https://t.co/lTkMJYb0FI",,netral
Euy review dong buat bedak padat tu bagus instaperfect/wardah yaa,,positif
"Review jujur koleksi Wardah EDT tapi pakai bahasa bayi, because explaining perfume shouldn’t be complicated 👶🏻🍼 https://t.co/Lz1gNTLByp",,netral
tolong review jujurnya dong {mu} serum exfoliasi skintific ungu ini beneran works gak di kaliann? https://t.co/OP0gO8N7Kd,,netral
So in love with my complexion 🤍 Makeup tahan banting dan finishnya super smooth! https://t.co/MkjQSlFZg8,,positif
[bb] review jujur dong guys... oksidasinya gimana? tahan ga untuk kulit oily? aku pake pixy powder foundation shade 303w klo cushion wardah ini shade apa ya? https://t.co/47cNIElilz,,positif
"BETTER MANA ✨Tinted Sunscreen AMATERASUN / Somethinc ✨ {mu} sharing honest review dungs , no aff 🫶🏻",,netral
"honorable mention, wardah colorfit glow cushion &amp; wardah colorfit 5D cloud cushion. karena sebelum ketemu yg 3 di atas aku sering bgt pake mereka dan sekarang udah otw yg ke-2 apalagi yg glow aku sampe punya stock🤭 baca full review semua cushionnya di sini yah⤵️ https://t.co/33VlUg6Kkv",,netral
Lah Jeffree Star review lip serum Skintific. Gigih aku tengok sampai habis nak tahu it is Jeffree Star approved atau tak hahahah. Kalau tak approve aku amuk ya sebab lip serum Skintific is one of my fav!!! 😆￼ https://t.co/UoSjUbhs0X,,positif
[bb] siapa yang udah cobain light+ by wardah? PLEASE REVIEW JUJURRRRR,,netral
boleh review pemakaian lip somethinc? sama foto juga kalo boleh [bb],,netral
selama tahun 2025 ini aku BUANYAK POLLLL cobain cushion dan terbanyak dari paragon: wardah &amp; emina best seller🤣🤣 make over blm kesampean😫🙏🏻 so here’s the review!!,,netral
rate &amp; review: all of my PARAGON cushion. ᦚ( ◍•ᴗ•◍) https://t.co/gJJ6jZAsfE,,netral
"sumpil cushion lite wardah semantul senyaman itu, cushion skintipik gue sampe gue hempas! dan ini bukan karena BAnya leya ini bener2 honest review PARAGON JAYA JAYA JAYA",,netral
masa sengkek pun dah cantik ni kalau kaya nanti boleh buat review skintific kat tiktok,,positif
"{MU} gusy ini dempul bgt ga ya buat sehari2 review dong? Atau ada saran powder foundation lain yg lebih bagus? Aku biasanya pake cushion wardah,make over tuh 21c, dear me c01 kalo ini shade apa ya? https://t.co/4PQPswFF3d",,positif
Battle &amp; review lip product 🇮🇩🇲🇾 Wardah tinted lipbalm Timephoria lipvelvet https://t.co/UKHZc7363o,,netral
"wts want to sell new preloved Skintific Velvet Matte Cushion - 02 Ivory 💸70k, bisa🍊ada admin atau split payment 2x tap aja buat review Exp 09/2027 puff pengganti, ada grafir nama di case #zonauang #zonabu #zonajajan https://t.co/3yZefbrpSU",,positif
"my spray serum local brand collection.🌷 wardah, muaq &amp; studio tropik. here the review &amp; rating. ꉂ(˵˃ ᗜ ˂˵) https://t.co/1izCSW1cGR",,netral
"Skintific Skintint 👑 my favourite! Thick, medium &amp; buildable coverage, yet easy to blend! Kalau you malas make up beria, this one is for you 😍🫶🏻 🛒: https://t.co/gVq4jjY9E7 Also, my initial review on this! https://t.co/kIg13K336O https://t.co/MdURLxrN7X","https://s.shopee.com.my/1qUGS2uTCb, https://x.com/nrsrwhz/status/1967434485475254739?t=4gRPqxk_9Psj3gOyino3CQ&s=19",netral
"Anjlok lagi harga nya Indomilk durian 9.500 udah dapat 2 pcs cusss buat bikin es durian 🤤 https://t.co/atGZUCRz4O Skintific n Vitamin C brightening serum cusss 95rb aja, banyak review yg bilang ini bagus pol https://t.co/7oFCftDsvb https://t.co/fHiGuDK620","https://s.blibli.com/GNtk/ljuji6o8, https://s.blibli.com/GNtk/74f1os03",positif
"Review singkat aja ya guys, kalau vid applynya aku bantu kasih liat dari konten lama aku aja karna emang aku sering bikin konten makeup pakai somethinc produk. NO AFFILIATE.",,netral
Review singkat SOMETHINC MAKEUP yang palinggg aku suka dan bakal aku repurchase terusssss. https://t.co/cP0PRuql8b,,positif
"@akun review jujur dong, beneran gak somethinc bagus?? kamu pakai produk yang apa??🫶🏼",,positif
[bb] ad yang make cushion wardah ini ga? boleh review nya? Kira-kira oksidasi parah ga ya? thanks. https://t.co/k6HLoafpBE,,netral
Rate &amp; review Somethinc-things —local proud💜 worth the hype? https://t.co/TFt8drLcz6,,positif
Mini review: all Somethinc makeup I’ve tried https://t.co/5gzLU5P3HL,,netral
"@akun Aku tipe orang yg harus cek review dulu sebelum mutusin beli, jadi so far produk yg menurut aku oke bgt dari somethinc: - ceraplump (shade coquette) - cushion hooman (shade coco) - mascara Aku pakai skin tintnya (cashew) dan contour (pow), tapi menurut aku so-so aja",,positif
"buat series somethinc yang one piece lainnya aku quick review disini, just in case penisirin 🫶 https://t.co/IJfrWsqA7I",,netral
{mu} Produk somethinc yang worth to try apa ya?,,positif
"@akun @akun Aku pengguna somethinc cushion dan loose powder udah bertahun-tahun. Aku wisuda, ngonser pake cushion mereka dan selalu stand out. Bukan buzzer, murni review. Produk mereka bagus, lokal pula, dan dapat info dari kakak ini, gaada alasan untuk boikot mereka",,positif
"Huru-haranya menurut gue udah kemana-mana banget. Buat indomy yg mau ga beli somethinc terserah, beli juga gapapa. Gue cuma punya cushionnya karena bagus, terakhir pake produk eyelinernya yg cuma dipake 7 kali lgs kering kayak selokan mataram di musim kemarau (honest review)",,positif
"panik kenapa? emang ada yg kasih review jelek? emang ada campaign boikot somethinc? emang mereka nipu kandugan skincare mereka? emang mereka nyolong? no one care about fight in twitter dot com. act like kalian pembeli tetap somethinc aja, they still have their loyal costumers.",,negatif
"@akun Kalo review satu2 keknya aku ga sanggup 🤯 tp dr yg aku punya dan pernah aku pake ini aku rekomendasiin abh, colourpop, clio, dasique, secondate, sm somethinc (yg nobless). https://t.co/wH9x2S3EkK",,positif
REVIEW JUJUR SATU KELUARGA!!! serum retinol somethinc bagus bgttttt bgt bgt bgt!!!!!,,positif
"ngomong-ngomong soal yang lagi rame, kalo kalian pingin nyoba product somethinc aku highly recommend loose powder, eyeshadow, eyeliner, sama blush. kurang merekomendasikan lippies nya karna kalo di aku sih bikin kering bgt, tapi pernah baca review katanya tinted lip balmnya oke",,positif
"Somethinc buka SUPERMARKET?! 🫨 From skincare to makeup, BEST DEALS for your beauty needs! 💅 🛒‼️Somethinc WEEKEND MARKET is officially OPEN‼️🛒 🗓️6-9 November 2025 📍Ground floor, Blugreen Office, Jakarta Barat https://t.co/HFulpIllR2",,netral
"@akun aku pake lip balm wardah yg warna biru tosca ituuu, bikin cerah gabikin bibir keringggg, lembab enakkkkkk (review jujur)",,positif
"Ikutan try &amp; review ombre combo duo wardah matte lip cream 27 + glossicle 08 , hasilnya bagus bgt melebihi ekspektasi,produknya baguuss😍 @akun #WardahMatteLipCream #WardahGlossicle https://t.co/2yVpAWqaYO",,positif
"akhirnya lengkap juga ni cushion skintific, mau review?😌 udah ketebak sih favoritku yang mana https://t.co/G9FuhwQ9eg",,netral
"sebelum lanjut review aku mau kasih tau kalian kalo ga ada yang namanya mascara susah dibersihin. kalo mascara kalian susah dibersihin atau masih ninggalin item2 dibawah mata, itu artinya remover kalian yang jelek🫵🏻 skrg udah canggih, 1x swipe mascara sesusah apapun bisa ilang pake mascara remover. fav aku dari wardah! kalo mau yg satset bisa pame mascara remover punya MOP. cara pakenya sama aja kaya pake mascara, tapi ini remover. auto keangkat dan gak akan ninggalin hiam2 dibawah mata",,negatif
💙 ada yg pake 2 produk ini? bb tint wardah (atas) dan skin tint pixy (bawah) review produknya dongg kebetulan jenis kulit wajahku berminyak https://t.co/VqQj2sEx6N,,netral
yap! ada yg pake 2 produk ini? bb tint wardah (atas) dan skin tint pixy (bawah) review produknya dongg kebetulan jenis kulit wajahku berminyak https://t.co/72eO6NyuLi,,netral
"[bb] guysss ad yg make wardah colorfit yang ijo ini gaa? bener tahan untuk kulit yg oily? Honest review nya dong guys, makacii https://t.co/CYAy6yRECZ",,netral
Review dong yg pke feeling solution dari skintific?,,netral
[IG Reels 28102025] fourth.ig #Fourthnattawat #โฟร์ทณัฐวรรธน์ #SKINTIFICTH @akun #SKINTIFIC1YearwithFOURTH #สกินที่โฟร์ทSKINTIFIC SKINTIFIC celebrates its 1st anniversary with Fourth. There are items to give away! 🎉 Special event Just take a photo with Skintific (formula 5X Ceramide or MSH Niacinamide) and write a review through the X channel and hashtag #SKINTIFIC1YearwithFOURTH and #สกินที่โฟร์ทSKINTIFICเพื่อลุ้นรับ to win a Post Card with a fresh pattern or Card holder of SKINTIFIC screen printing. Activities from today - 31 Oct 2025 at 12.00 hrs. Results will be announced on October 31. 2025 at 18.00 hrs. Read more rules through @akun Let’s play a lot. Let’s take a peek.🌻🩵,,netral
"ut! guys, ada yg mau isi kuesioner aku ga? masih kurang sekitar 70 responden lagi 😔 kriterianya: 1. gen z 2. tahu/pernah/pakai produk skintific 3. pernah liat influencer review produk skintific buat yg memenuhi kriteria, tolong bantu isi yaa. linknya aku drop di komen https://t.co/B5e0izyFpW",,netral
"[cm] guys tolong bantu angkatan 21 ini lulus yuk nanti sender dm, masih butuh banyak responden 😔🥺 Kriterianya: 1. Aktif main twt &amp; jadi anggota komunitas ombb 2. Pernah membeli/menggunakan wardah 3. Pernah memberikan review (rekomen, testimoni, ulasan, dst) Wardah. https://t.co/Ta3nFcrQTO",,positif
livjunkie review somethinc x one piece 😭😭😭 ini beneran godaan banget ya allahhhhhhh maukkk bangett huhuhu😭😭😭 https://t.co/1s0EhBfwVl,,netral
ini sama ga sih kaya cushion skintific? untuk coveragenya gimana? review dong kak {mu} https://t.co/QEmGyZ6Zuy,,netral
"[BB] guys mau minta review bb tint wardah shade 04 (neutral beige) dong, tia",,netral
"[cm] tolong bantu angkatan 21 ini lulus yuk nanti sender dm, masih butuh banyak bangettt (100) responden😭 Kriterianya: 1. Aktif main twt &amp; jadi anggota komunitas ombb 2. Pernah membeli/menggunakan wardah 3. Pernah memberikan review (rekomen, testimoni, ulasan, dst) Wardah. https://t.co/e42TYUQZ4Y",,positif
"[cm] tolong bantu sender lulus yuk nanti sender dm, masih butuh banyak responden😭 Kriterianya: 1. Aktif main twt &amp; jadi anggota komunitas ombb 2. Pernah membeli/menggunakan produk wardah 3. Pernah memberikan review (rekomen, testimoni, ulasan, dst) tentang produk Wardah. https://t.co/jHd8BPmYsZ",,positif
aku review se pemakaian aku aja dan hasil finishnya. my skin type: normal to dry.. 🔗https://t.co/PxV7KfsnyO charlotte - somethinc 🔗https://t.co/HNuMyuJK8J natural - joylab 🔗https://t.co/pj7TtteLFH fair 1 - wardah 🔗https://t.co/52mzPpMfRt honey - RAD ini punya ku sendiri yaa,"http://s.shopee.co.id/40YA1X48Iw, http://s.shopee.co.id/8UtI1Eeoyn, http://s.shopee.co.id/7KhmdicERG, http://s.shopee.co.id/7V82CGRXEg, http://s.shopee.co.id/40YA1X48Iw, http://s.shopee.co.id/8UtI1Eeoyn, http://s.shopee.co.id/7KhmdicERG, http://s.shopee.co.id/7V82CGRXEg",netral
Kan… Dulu pernah ada yang bahas ginian waktu “t” awal launching trs rame di review sama influencer. Kirain abis itu kena cancel tp kok makin rame. Tbh aku cocok sm skintific terutama clay mask sm toner nya 🥲😞,,positif
"Glad2Gl*w Skintif*c Timeph*ria Fac*rinna Mrk ini satu group. Under the same company, tiap brand pny segmentasi pasar berbeda, pastinya BUKAN BRAND LOKAL ya. It’s from mainland🇨🇳 Ga menutup kemungkinan mrk bakal bikin brand baru dgn identitasnya yg ditutup2in ga transparan itu😬",,positif
{mu} ada yang pake somethinc ceraplump tinted lip balm ini ga?? review dong dan bagusan yg mana yaa https://t.co/vYscHaNYOj,,positif
SKINTIFIC TAK NAK SURUH AKU REVIEW KE EH? AKU PAKAI SEMUA KOT PRODUK DIA. POST NI 57k VIEWS KOT HELLO @akun,,netral
[bb] guys review dong cushion wardah colorfit yang ijo bagus gaa? kalo dipake daily awet gak yaa?? thank uu,,positif
Mau review tinted lipbalm jagoan semua orang.....sumpah tapi punya somethinc ceraplump tuh bener2 NAGIH banget dipakenya 😭😭 https://t.co/vdOwwHUb4d,,netral
Kalian ada gak yang ngerasa udah eksfoliasi tapi belum ada hasilnya?? Coba deh eksfoliasi pake peeling serumnya somethinc yg terbaru. Dari semua peeling serum yg pernah ku coba ini yg paling tinggi persentasenya. Kalian ada yg pake peeling serum juga? Review detainya disini⬇️ https://t.co/zomCJoG8Vx,,netral
[bb] minta review tinted ss somethinc dongg,,netral
"TERHARUU BGT minthinc kalo baca review Somethinc Squad, semoga selalu cocok yaa sama produk-produk Somethinc🥹💜 https://t.co/wELoZ1TYSz",,positif
"Definisi buang-buang uang dijalan yang benar😭 Ini restock aja yg mau habis. Semua yg dipake produk lokal dan semua serum pake @akun Percaya bgt sama proses makanya engga pernah ganti, kondisi muka bs berubah, serum nya bs ngikutin tp brand nya ttp sama. Love bgt, 💜 https://t.co/Vu6k5f67Ii",,positif
"OMBRE TERCAMTIP😠 wardah matte lip cream 27 + glossicle 08 hasilnya nacurel, cocok banget buat daily lip! plis coba sekarang juga🥰 #WardahGlossicle #WardahGlossiclePeptideBalm #WardahMatteLipCream https://t.co/rdb8ZVLht1",,positif
Okeh Review cushion goute (beige line) dan wardah glossicle peptide (02) https://t.co/fDATSvlpiZ,,positif
JUST BOUGHT NEW CUSHION AND LIPPIE,,netral
SS WARDAH ACNE 100ml review dungs atau yg pernah nyoba varian ss wardah yg lain boljug sharing disiniiii 🥹🥹🥹🥹👉🏻👈🏻 {mu},,netral
Tim matte finish / glossy finish? —review koleksi lippie Wardah ⋆🍒𐙚⋆˚ https://t.co/XynDV2Roxn,,netral
"[bb] ada yang pake ini gaa guyss?? mau review jujurnya dongg, sender mau nyoba beralih dari tinted ss somethinc https://t.co/ECDuKUrSMu",,netral
Tak tahulah nak rasa apa when Skintific gives better result than other high end brands. My friend said kulit muka aku sebenarnya B40😂😭,,netral
"{mu} kalo cuma ada setting spray pramy, luxcrime, skintific. Kalian pilih yg mana ges? Review dong yg udh pernah pake",,netral
"💻 GIVEAWAY ALERT, SQUAD! Review produk SOMETHINC kamu di Shopee &amp; siapa tahu kamu yang bawa pulang Laptop AXIOO GRATIS! 😍 Udah ikutan belum? 👀 👉 https://t.co/bXHRgU8AZF https://t.co/dZcOmPj48d",http://shopee.co.id/somethinc,netral
"@akun @akun Weh ica and skintific, in ica everytime review i trust !",,netral
Udah review produk SOMETHINC kamu di Shopee belum? 😚💜 Karena bisa dapet Laptop AXIOO GRATIS! 🤯💻 Langsung ke 👉 https://t.co/bXHRgU8AZF https://t.co/DFDgvE3DFd,http://shopee.co.id/somethinc,netral
[Bb] review wardah spf 50 uv shield physical ss ini buat sensi skin aman ga ya ?apakah dry bgt aku combi skin sm bisa dibersihin pake 2ng cleanser? https://t.co/pNq1JDwMJ7,,netral
"Review produk SOMETHINC favorit kamu di Shopee &amp; menangkan Laptop Axioo GRATIS! 💜 Udah review belum, Squad? 👀✨ Langsung ke 👉 https://t.co/bXHRgU8AZF https://t.co/1I4KoMLswd",http://shopee.co.id/somethinc,netral
✋🏻STOP SCROLLING✋🏻 💻 Review produk SOMETHINC di Shopee dan menangkan Laptop AXIOO! 👀💜 Langsung ke 👉 https://t.co/QEke07bYCa https://t.co/dIh2q3qKQX,https://shopee.co.id/somethinc,netral
"Review Personal Color Analysis by Wardah seru banget kakaknya baik juga, jadi bisa daftar dan pilih mau jam berapa, tadi aku pilih jam 11.30 s.d 12.00, aku check di website dapet warm spring dan di test tadi juga dapet warm spring abis di check nanti di makeup sesuai hasilnya https://t.co/E7nQKvcF0N",,netral
Done review cushion skintific yg pink tu. Sumpah best namamposs!,,netral
"NCT! Hai guys, bantu isi kuisioner NCT Dream x Somethinc dong 🥺🙏🏻 Butuh 12 responden lagi: tau NCT Dream jd BA Somethinc, pernah beli produknya, &amp; pernah baca review online. Link di rep yaa, makasih bnyk 🫶🏻💞 https://t.co/1iHmxAsVkA",,netral
Battle &amp; review lip product 🇮🇩🇲🇾 Wardah tinted lipbalm Timephoria lipvelvet https://t.co/nXb16Lzi5a,,netral
"[BB] guys saran sunscreen buat st oily acne prone dong, aku skrng lagi pakai skinaqua tutup putih, rencana pengen ganti yg lain, kasih review produk pemakaian pribadi ya jg guys selain wardah karena aku gak cocok, tia!",,positif
"{mu} guyss ini emang lagi banyak promo kah??? review diatas dong yg pernah nyobainnn 🤩 nyari yg buat st combi, sebelumnya pake bb tint wardah sama dazzle me skintint tp kayak kureng ☹️ btw sender juga kegoda hadiahnya huhu https://t.co/0YZJkLUmDB",,netral
@akun Fahammm. Tp skintific mcm tak oxidise je. Sbb dah tgok 2-3 org review foundation. Sometime nampak cam kelabu on their skin,,positif
"FINALLY, ADA IRON MASCARA PERTAMA DARI BRAND LOKAL!!😭❤️ Wardah ngeluarin 2 mascara baru nih guys, HI Impact (volumizer mascara) & Anti Gravity (iron mascara). Iron mascaranya ini pertama yang brand lokal punya, akan aku review di bawah! ga cuma ngeluarin 2 mascara baru, WARDAH JUGA NGELUARIN MASCARA REMOVERNYA!!! Such a life saver buat yang selalu stress bersihin mascara waterproof. Detailsnya aku review di bawah🩷",,positif
"@akun Aku asalnya pake somethinc hooman, sekarang pindah ke Make Over krn banyak yg review kayak kulit wajah asli kita. Bener ternyata,jd suka make over deh😆",,positif
"pilih 1 andalan kalian + review singkat. aku udh cobain kecuali wardah, omg sm tirtir. bingung mau repurchase atau cobain baru. aku butuh yg glowy, high coverage, no oxidasi &amp; non comedo 🥺 {mu} https://t.co/w2J0J7mHHj",,netral
Disebabkan story sharifahrose ni i pakai yaaa wardah punya pdrn &amp; retinal. And ni review dari i pulak— https://t.co/UQJ6PDiKeg,,netral
Disebabkan story sharifahrose ni i pakai yaaa wardah punya pdrn &amp; retinal. And ni review dari i pulak— https://t.co/BrH1eHyIYY,,netral
"[bb] menurut kalian mending sunscreen spraynya skintific atau you ya? sender bingung bgt mau co yang mana :( review dong yang pake, affiliate minggir dulu",,netral
"My biggest ""don't judge a book by its cover"" 😆🤏🏼 https://t.co/hCxrkSF5Kv",,positif
Ada yang pernah pake sunscreen Somethinc yang ini ga? Tinggalin review di reply section yaa 🙏🏽☺ https://t.co/XKhl91axVK,,netral
Girls ada rekomendasi moisturizer buat muka kering +jerawat sama bisa mencerahkan juga ga biar muka ga kusam? Aku bingung mau wardah atau skin game. Mau minta review pemakaian pribadi ya cantik 😉 {mu} https://t.co/0GiSXk8h1B,,positif
{MU} Girls ada rekomendasi moisturizer buat muka kering +jerawat sama bisa mencerahkan juga ga biar muka ga kusam? Aku bingung mau wardah atau skin game. Mau minta review pemakaian pribadi ya cantik 😉 https://t.co/wpjnunERHe,,positif
Aku juga pernah review singkat parfum edt wardah yg joyful disini kalau mau bacaaa🫶 https://t.co/bUs0ryznL8,https://x.com/nanaspineapel/status/1937780402556641298,netral
kakak-kakakkk boleh minta review cushion somethinc yang ini kah? oksidasi parah ga kalau dibawa panas-panasan? trimakasiii https://t.co/LnNsvXtMul,,netral
Review singkat &amp; swatch lippies somethinc yg aku punya. https://t.co/fuN8UMBWY1,,netral
"[bb] guys, bagusan maskara wardah eyexpert atau focallure biru ya? review jujur plss. thank u",,positif
Battle &amp; review lip product 🇮🇩🇲🇾 Wardah tinted lipbalm Timephoria lipvelvet https://t.co/ERFozmI3WP,,netral
Review singkat produk dari PR Package Anniversary Somethinc Town. https://t.co/8w1AH8DIbe,,netral
Guys ada yang pake somethinc cushion cover blur gakk? Plss review jujur nyaaa,,netral
"Wardah Khalid has served as a Foreign Affairs Officer in the U.S. State Department's Bureau of Near Eastern Affairs since 2023, advising on Middle East policy including refugee issues. She previously handled Afghan refugee resettlement at the Office of Refugee Resettlement during the 2021 U.S. withdrawal from Afghanistan, a chaotic event that resettled tens of thousands amid security concerns. Khalid spoke at Netroots Nation in 2018, participating in panels critiquing Trump's foreign policies, including sessions on resisting national security approaches. Her public criticisms of Trump's travel ban appeared in media like CNN op-eds, where she highlighted impacts on Muslim communities. FEC records show she donated to Biden's 2020 campaign while working as a congressional fellow. This story has sparked backlash, with journalists like Mehdi Hasan accusing critics of anti-Muslim bigotry. Do you think her background aligns with current administration priorities? Share your views on whether a review is needed for State Department roles. What steps should be taken to ensure national security? Let me know in the replies! #StateDepartment #NationalSecurity #AmericaFirst",,positif
".@akun is working extended hours today to culminate his review of this matter which already has all the documentation needed to to fire Wardah Khalid with cause. Just crossing t's and dotting i's. 10, 9, 8, 7, 6, 5, 4, 3, 2...💥 Screenshot.",,netral
"I can confirm 100% that Islamic radical Wardah Khalid @akun is still working at the US State Department where she oversees Middle East policy under the current Trump administration despite her support for jihadist Palestinian causes, and her many direct calls for anti-Trump Islamic “resistance” against Trump, opposition to his immigration policies and his Islamic travel bans. She directly oversaw the Islamic refugee resettlement of Afghans after the disastrous withdrawal from Afghanistan exactly 4 years ago today. Many of those Afghans who were resettled in the US under the Biden regime by people like @akun turned out to be Taliban terrorists. Not only should @akun be fired from her role at the US State Department, but she should also be perp walked out of the building in her hijab and investigated by the @akun’s counter terrorism unit for her ties to the recently defunded, pro-HAMAS @akun. Here’s a screenshot of a US State Department internal employee database that shows she is still an active federal employee at @akun as of today. @akun, please address this threat to our US National Security ASAP. These jihadists must be purged from the US State Department immediately.",,netral
"⚠️ disclaimer : beli sendiri (not sponsored) &amp; honest review packaging sama-sama lusyu, nyaman digenggam, gak ringkih, kedua formulanya juga bagus bgt! 👍 tapi emg packaging punya wardah kelihatan ‘mahal’ https://t.co/ytk9GBNQgT",,positif
"buat yang lagi cari facewash low pH, Wardah punya 3 varian menarik yang affordable + ramah skin barrier ✨ sini aku spill review singkatnya satu-satu 👇🏻 https://t.co/3l7fsoYu5A",,netral
Mini review 5 jenis lippies wardah : https://t.co/Q7Ttq0eDnW,,netral
Somethinc vitamin c review,,netral
"Sungguh sudah diluar nurul. Design KW-in barang lain (read: skintific): Copywriting kacau balau (yang difoto ecom dan di review sama customer beda semua), bisa dijual begini sih? “kabut tabir surya”, “mutiara UV”. Ini customer Indonesia harus lebih kritis lagi 😭 Kalau ga bisa dijajah dengan semena2 kaya gini",,netral
"Gaiss honest review buat cushion skintific biru, wardah ijo, somethinc cover blur. Tipkul normal to oily. Niatnya mau sender pake buat wisuda 🤩 💚",,netral
"{mu} review jujur moist retinol nya skintific dong, aku mau beli maju mundur",,netral
Caitlin Halderman Lebih Memilih Skincare yang Efeknya kaya Botox! 😍 Ada yang udah coba moisturizer terbaru Wardah Collagen Moisturizer? Review please! Denger-denger efeknya mirip kaya botox😍 https://t.co/rKoT9zzG63,,netral
"review singkat cushion ini OMG: nyaman, coverage tp ga berat, breathable, adhesion ke kulitnya bagus, murah, punya shade yg cool tone pink wardah: coverage tinggi tp berat, emphasizes pores, shade cool nya kuning glowsophy: coverage super tinggi trllu berat jg kurang breathable",,positif
Yeayy saatnya review. Ini wardah fresh bb tint. No tambahan loose powder atau yg lain - oksidasinya cukup jelas - ngingetin ke maybeline bb cream karena aku dulu tim bb cream bgt - thick dan medium coverage - hasil awal bagus sih - serasa balik ke 2013an 30rb an yaa mayan lah https://t.co/AMFzZ3lRXs,,positif
reviewnyaa dong cushion inii? pls no afiiliate. makasih {mu} https://t.co/fKoKF0fAG3,,positif
"— somethinc glass-c 🛒 https://t.co/ZNKYrIItA3 ini belum lama aku review, tp so far beneran bagus! bikin glass skin effect 😗😗 bisa dipake buat daily, bisa buat bantu menyamarkan bekas jerawat juga tapi ini agak muahaal, pinter2 cari diskonan 😭✊🏻 https://t.co/NuhUOndb3X",https://s.shopee.co.id/Vw4OQaaSe,positif
"HOW I LOVE LIP VELVET/ LIP MOUSSE 🥰💗 nge cover warna bibir, nge blur garis bibir, tapi gak sekering LIP MATTE sini aku review lip velvet/ lip mousse dari Pixy, Wardah &amp; Timephoria👈🏻🌸 wort it an yang mana??👇🏻 https://t.co/gy29C2FY8m",,positif
Mau review dua produk ini dulu https://t.co/EqD76atZOg,,netral
"Sensitive oily acne prone baru breakout parah, harus bener bener super picky buat milih serum 😭🤝🏻 belum ilang sepenuhnya setidaknya uda perlahan pudar bekas jerawatku 😭‼️ https://t.co/PK3aJd4FSt",,negatif
"Ngga perlu parfum jutaan buat di notice orang, aku pake parfum ini aja udah dipuji “Kamu wangi bangeeeet, parfum baru lagi kah?!” sama temenku😆💖 https://t.co/dHNa9ofUoo",,netral
Apalagi ini WARDAH?!😩💖 Cushion mereka baru aja upgrade... packaging-nya jadi makin cakep deh🥺 fix akan viral karena BAGUS BANGET WEHHH https://t.co/p50tSHgGhx,,positif
